id,cliente_id,cierre_caja_id,numero_pedido,fecha_pedido,hora_entrega,estado,total,origen_pedido,notas,mes,mes_nombre,dia_semana,semana,semana_anio,es_fin_semana,trimestre,es_fecha_especial,es_cancelado,es_entregado,hora_entrega_num,monto_pagado,n_pagos,metodo_pago_prin,estado_pago_fin,riesgo_cobro,es_pago_digital,n_items,n_productos_dist,subtotal_det,canal_cliente,tipo_cliente,antiguedad_cliente,diferencia_pago,ticket_por_item,total_norm,monto_pagado_norm,diferencia_pago_norm,ticket_por_item_norm,n_items_norm,n_productos_dist_norm,hora_entrega_num_norm,antiguedad_cliente_norm,subtotal_det_norm,estado_cod,origen_cod,metodo_pago_cod,estado_pago_cod,tipo_cliente_cod,canal_cliente_cod
1,24,1,PED-20240101-001,2025-01-01,10:30:00,entregado,78000,whatsapp,Decorar la caja,1,Jan,2,1,1,0,1,0,0,1,10,78000.0,1,transferencia,confirmado,0.0,1.0,3,1,78000,whatsapp,empresa,364,0.0,26000.0,0.488525,0.5,0.0,0.463918,0.2,0.0,0.75,1.0,0.488525,2,2,4,0,0,2
2,17,1,PED-20240101-002,2025-01-01,08:30:00,entregado,78000,whatsapp,Decorar la caja,1,Jan,2,1,1,0,1,0,0,1,8,78000.0,1,nequi,confirmado,0.0,1.0,3,1,78000,whatsapp,individual,338,0.0,26000.0,0.488525,0.5,0.0,0.463918,0.2,0.0,0.25,0.071429,0.488525,2,2,3,0,1,2
3,1,2,PED-20240102-003,2025-01-02,07:00:00,cancelado,84000,whatsapp,,1,Jan,3,1,1,0,1,0,1,0,7,0.0,0,desconocido,sin_pago,0.0,0.0,3,1,84000,whatsapp,individual,360,84000.0,28000.0,0.527869,0.0,0.7,0.505155,0.2,0.0,0.0,0.857143,0.527869,0,2,1,3,1,2
4,19,2,PED-20240102-004,2025-01-02,10:30:00,entregado,28000,whatsapp,Pago contra entrega,1,Jan,3,1,1,0,1,0,0,1,10,28000.0,1,transferencia,pendiente,1.0,1.0,1,1,28000,whatsapp,individual,337,0.0,28000.0,0.160656,0.179487,0.0,0.505155,0.0,0.0,0.75,0.035714,0.160656,2,2,4,1,1,2
5,14,2,PED-20240102-005,2025-01-02,09:30:00,entregado,78000,whatsapp,Llamar antes,1,Jan,3,1,1,0,1,0,0,1,9,78000.0,1,daviplata,confirmado,0.0,1.0,3,1,78000,whatsapp,individual,359,0.0,26000.0,0.488525,0.5,0.0,0.463918,0.2,0.0,0.5,0.821429,0.488525,2,2,0,0,1,2
6,6,3,PED-20240103-006,2025-01-03,10:00:00,entregado,33000,whatsapp,Entregar en portería,1,Jan,4,1,1,0,1,0,0,1,10,33000.0,1,nequi,confirmado,0.0,1.0,1,1,33000,presencial,individual,358,0.0,33000.0,0.193443,0.211538,0.0,0.608247,0.0,0.0,0.75,0.785714,0.193443,2,2,3,0,1,1
7,9,3,PED-20240103-007,2025-01-03,10:30:00,entregado,70000,whatsapp,Pago contra entrega,1,Jan,4,1,1,0,1,0,0,1,10,70000.0,1,efectivo,confirmado,0.0,0.0,2,1,70000,whatsapp,individual,349,0.0,35000.0,0.436066,0.448718,0.0,0.649485,0.1,0.0,0.75,0.464286,0.436066,2,2,2,0,1,2
8,25,3,PED-20240103-008,2025-01-03,07:30:00,entregado,39500,whatsapp,Llamar antes,1,Jan,4,1,1,0,1,0,0,1,7,39500.0,1,nequi,confirmado,0.0,1.0,2,2,39500,whatsapp,empresa,343,0.0,19750.0,0.236066,0.253205,0.0,0.335052,0.1,0.333333,0.0,0.25,0.236066,2,2,3,0,0,2
9,6,4,PED-20240104-009,2025-01-04,11:00:00,entregado,34500,whatsapp,Entregar en portería,1,Jan,5,1,1,1,1,0,0,1,11,34500.0,1,transferencia,confirmado,0.0,1.0,4,2,34500,presencial,individual,358,0.0,8625.0,0.203279,0.221154,0.0,0.10567,0.3,0.333333,1.0,0.785714,0.203279,2,2,4,0,1,1
10,20,4,PED-20240104-010,2025-01-04,09:00:00,entregado,46000,whatsapp,Para regalo,1,Jan,5,1,1,1,1,0,0,1,9,46000.0,1,transferencia,confirmado,0.0,1.0,3,2,46000,whatsapp,individual,340,0.0,15333.33,0.278689,0.294872,0.0,0.243986,0.2,0.333333,0.5,0.142857,0.278689,2,2,4,0,1,2
11,24,4,PED-20240104-011,2025-01-04,07:00:00,entregado,9000,whatsapp,,1,Jan,5,1,1,1,1,0,0,1,7,9000.0,1,daviplata,confirmado,0.0,1.0,1,1,9000,whatsapp,empresa,364,0.0,9000.0,0.036066,0.057692,0.0,0.113402,0.0,0.0,0.0,1.0,0.036066,2,2,0,0,0,2
12,1,5,PED-20240105-012,2025-01-05,07:30:00,entregado,66000,whatsapp,Con tarjeta feliz cumpleaños,1,Jan,6,1,1,1,1,0,0,1,7,66000.0,1,efectivo,confirmado,0.0,0.0,2,1,66000,whatsapp,individual,360,0.0,33000.0,0.409836,0.423077,0.0,0.608247,0.1,0.0,0.0,0.857143,0.409836,2,2,2,0,1,2
13,11,5,PED-20240105-013,2025-01-05,07:30:00,entregado,43000,whatsapp,Con tarjeta feliz cumpleaños,1,Jan,6,1,1,1,1,0,0,1,7,43000.0,1,daviplata,confirmado,0.0,1.0,5,2,43000,whatsapp,individual,336,0.0,8600.0,0.259016,0.275641,0.0,0.105155,0.4,0.333333,0.0,0.0,0.259016,2,2,0,0,1,2
14,2,6,PED-20240106-014,2025-01-06,08:00:00,entregado,35000,whatsapp,Decorar la caja,1,Jan,0,2,2,0,1,0,0,1,8,35000.0,1,transferencia,pendiente,1.0,1.0,1,1,35000,otro,individual,362,0.0,35000.0,0.206557,0.224359,0.0,0.649485,0.0,0.0,0.25,0.928571,0.206557,2,2,4,1,1,0
15,9,6,PED-20240106-015,2025-01-06,08:00:00,entregado,33000,whatsapp,,1,Jan,0,2,2,0,1,0,0,1,8,33000.0,1,transferencia,confirmado,0.0,1.0,1,1,33000,whatsapp,individual,349,0.0,33000.0,0.193443,0.211538,0.0,0.608247,0.0,0.0,0.25,0.464286,0.193443,2,2,4,0,1,2
16,20,6,PED-20240106-016,2025-01-06,08:30:00,entregado,24000,whatsapp,Llamar antes,1,Jan,0,2,2,0,1,0,0,1,8,24000.0,1,transferencia,pendiente,1.0,1.0,3,1,24000,whatsapp,individual,340,0.0,8000.0,0.134426,0.153846,0.0,0.092784,0.2,0.0,0.25,0.142857,0.134426,2,2,4,1,1,2
17,6,7,PED-20240108-017,2025-01-08,11:00:00,entregado,84000,whatsapp,Llamar antes,1,Jan,2,2,2,0,1,0,0,1,11,84000.0,1,transferencia,confirmado,0.0,1.0,3,1,84000,presencial,individual,358,0.0,28000.0,0.527869,0.538462,0.0,0.505155,0.2,0.0,1.0,0.785714,0.527869,2,2,4,0,1,1
18,11,8,PED-20240109-018,2025-01-09,08:00:00,entregado,51000,whatsapp,,1,Jan,3,2,2,0,1,0,0,1,8,51000.0,1,transferencia,pendiente,1.0,1.0,3,2,51000,whatsapp,individual,336,0.0,17000.0,0.311475,0.326923,0.0,0.278351,0.2,0.333333,0.25,0.0,0.311475,2,2,4,1,1,2
19,22,8,PED-20240109-019,2025-01-09,09:00:00,entregado,56000,whatsapp,Para regalo,1,Jan,3,2,2,0,1,0,0,1,9,56000.0,1,transferencia,confirmado,0.0,1.0,2,1,56000,otro,empresa,360,0.0,28000.0,0.344262,0.358974,0.0,0.505155,0.1,0.0,0.5,0.857143,0.344262,2,2,4,0,0,0
20,1,9,PED-20240110-020,2025-01-10,07:30:00,entregado,56000,whatsapp,,1,Jan,4,2,2,0,1,0,0,1,7,56000.0,1,transferencia,confirmado,0.0,1.0,2,1,56000,whatsapp,individual,360,0.0,28000.0,0.344262,0.358974,0.0,0.505155,0.1,0.0,0.0,0.857143,0.344262,2,2,4,0,1,2
21,7,10,PED-20240111-021,2025-01-11,07:00:00,entregado,33000,whatsapp,Decorar la caja,1,Jan,5,2,2,1,1,0,0,1,7,33000.0,1,transferencia,confirmado,0.0,1.0,1,1,33000,otro,individual,350,0.0,33000.0,0.193443,0.211538,0.0,0.608247,0.0,0.0,0.0,0.5,0.193443,2,2,4,0,1,0
22,13,11,PED-20240112-022,2025-01-12,09:30:00,entregado,31500,manual,Para regalo,1,Jan,6,2,2,1,1,0,0,1,9,31500.0,1,efectivo,pendiente,1.0,0.0,2,2,31500,whatsapp,individual,345,0.0,15750.0,0.183607,0.201923,0.0,0.252577,0.1,0.333333,0.5,0.321429,0.183607,2,0,2,1,1,2
23,8,11,PED-20240112-023,2025-01-12,09:30:00,entregado,80000,whatsapp,Llamar antes,1,Jan,6,2,2,1,1,0,0,1,9,80000.0,1,nequi,confirmado,0.0,1.0,2,1,80000,presencial,individual,345,0.0,40000.0,0.501639,0.512821,0.0,0.752577,0.1,0.0,0.5,0.321429,0.501639,2,2,3,0,1,1
24,13,11,PED-20240112-024,2025-01-12,10:30:00,entregado,38000,whatsapp,Decorar la caja,1,Jan,6,2,2,1,1,0,0,1,10,38000.0,1,nequi,confirmado,0.0,1.0,7,3,38000,whatsapp,individual,345,0.0,5428.57,0.22623,0.24359,0.0,0.039764,0.6,0.666667,0.75,0.321429,0.22623,2,2,3,0,1,2
25,24,12,PED-20240113-025,2025-01-13,07:00:00,entregado,35500,otro,,1,Jan,0,3,3,0,1,0,0,1,7,35500.0,1,transferencia,confirmado,0.0,1.0,5,2,35500,whatsapp,empresa,364,0.0,7100.0,0.209836,0.227564,0.0,0.074227,0.4,0.333333,0.0,1.0,0.209836,2,1,4,0,0,2
26,1,12,PED-20240113-026,2025-01-13,08:00:00,entregado,60000,whatsapp,,1,Jan,0,3,3,0,1,0,0,1,8,60000.0,1,transferencia,confirmado,0.0,1.0,2,2,60000,whatsapp,individual,360,0.0,30000.0,0.370492,0.384615,0.0,0.546392,0.1,0.333333,0.25,0.857143,0.370492,2,2,4,0,1,2
27,14,12,PED-20240113-027,2025-01-13,10:30:00,entregado,52000,whatsapp,Entregar en portería,1,Jan,0,3,3,0,1,0,0,1,10,52000.0,1,nequi,confirmado,0.0,1.0,2,1,52000,whatsapp,individual,359,0.0,26000.0,0.318033,0.333333,0.0,0.463918,0.1,0.0,0.75,0.821429,0.318033,2,2,3,0,1,2
28,2,13,PED-20240115-028,2025-01-15,09:30:00,entregado,84000,whatsapp,Decorar la caja,1,Jan,2,3,3,0,1,0,0,1,9,84000.0,1,daviplata,confirmado,0.0,1.0,3,1,84000,otro,individual,362,0.0,28000.0,0.527869,0.538462,0.0,0.505155,0.2,0.0,0.5,0.928571,0.527869,2,2,0,0,1,0
29,9,14,PED-20240116-029,2025-01-16,10:30:00,entregado,26000,whatsapp,Pago contra entrega,1,Jan,3,3,3,0,1,0,0,1,10,26000.0,1,nequi,confirmado,0.0,1.0,1,1,26000,whatsapp,individual,349,0.0,26000.0,0.147541,0.166667,0.0,0.463918,0.0,0.0,0.75,0.464286,0.147541,2,2,3,0,1,2
30,8,14,PED-20240116-030,2025-01-16,11:00:00,entregado,46000,whatsapp,Para regalo,1,Jan,3,3,3,0,1,0,0,1,11,46000.0,1,efectivo,confirmado,0.0,0.0,6,4,46000,presencial,individual,345,0.0,7666.67,0.278689,0.294872,0.0,0.085911,0.5,1.0,1.0,0.321429,0.278689,2,2,2,0,1,1
31,4,15,PED-20240117-031,2025-01-17,09:00:00,entregado,70000,whatsapp,Llamar antes,1,Jan,4,3,3,0,1,0,0,1,9,70000.0,1,efectivo,pendiente,1.0,0.0,2,1,70000,whatsapp,individual,337,0.0,35000.0,0.436066,0.448718,0.0,0.649485,0.1,0.0,0.5,0.035714,0.436066,2,2,2,1,1,2
32,17,16,PED-20240118-032,2025-01-18,09:30:00,desconocido,28000,whatsapp,Para regalo,1,Jan,5,3,3,1,1,0,0,0,9,28000.0,1,transferencia,confirmado,0.0,1.0,1,1,28000,whatsapp,individual,338,0.0,28000.0,0.160656,0.179487,0.0,0.505155,0.0,0.0,0.5,0.071429,0.160656,1,2,4,0,1,2
33,7,16,PED-20240118-033,2025-01-18,11:30:00,entregado,33500,whatsapp,,1,Jan,5,3,3,1,1,0,0,1,11,33500.0,1,transferencia,confirmado,0.0,1.0,2,2,33500,otro,individual,350,0.0,16750.0,0.196721,0.214744,0.0,0.273196,0.1,0.333333,1.0,0.5,0.196721,2,2,4,0,1,0
34,20,17,PED-20240119-034,2025-01-19,10:00:00,entregado,120000,whatsapp,Entregar en portería,1,Jan,6,3,3,1,1,0,0,1,10,120000.0,1,nequi,confirmado,0.0,1.0,3,1,120000,whatsapp,individual,340,0.0,40000.0,0.763934,0.769231,0.0,0.752577,0.2,0.0,0.75,0.142857,0.763934,2,2,3,0,1,2
35,4,18,PED-20240120-035,2025-01-20,09:30:00,entregado,27000,whatsapp,Llamar antes,1,Jan,0,4,4,0,1,0,0,1,9,27000.0,1,efectivo,confirmado,0.0,0.0,3,1,27000,whatsapp,individual,337,0.0,9000.0,0.154098,0.173077,0.0,0.113402,0.2,0.0,0.5,0.035714,0.154098,2,2,2,0,1,2
36,13,18,PED-20240120-036,2025-01-20,10:30:00,entregado,59500,whatsapp,Entregar en portería,1,Jan,0,4,4,0,1,0,0,1,10,59500.0,1,efectivo,confirmado,0.0,0.0,2,2,59500,whatsapp,individual,345,0.0,29750.0,0.367213,0.38141,0.0,0.541237,0.1,0.333333,0.75,0.321429,0.367213,2,2,2,0,1,2
37,13,18,PED-20240120-037,2025-01-20,07:30:00,entregado,28000,whatsapp,Con tarjeta feliz cumpleaños,1,Jan,0,4,4,0,1,0,0,1,7,28000.0,1,transferencia,pendiente,1.0,1.0,1,1,28000,whatsapp,individual,345,0.0,28000.0,0.160656,0.179487,0.0,0.505155,0.0,0.0,0.0,0.321429,0.160656,2,2,4,1,1,2
38,22,18,PED-20240120-038,2025-01-20,07:30:00,entregado,78000,whatsapp,Pago contra entrega,1,Jan,0,4,4,0,1,0,0,1,7,78000.0,1,transferencia,confirmado,0.0,1.0,3,1,78000,otro,empresa,360,0.0,26000.0,0.488525,0.5,0.0,0.463918,0.2,0.0,0.0,0.857143,0.488525,2,2,4,0,0,0
39,1,19,PED-20240122-039,2025-01-22,07:30:00,entregado,26000,whatsapp,Con tarjeta feliz cumpleaños,1,Jan,2,4,4,0,1,0,0,1,7,26000.0,1,transferencia,confirmado,0.0,1.0,1,1,26000,whatsapp,individual,360,0.0,26000.0,0.147541,0.166667,0.0,0.463918,0.0,0.0,0.0,0.857143,0.147541,2,2,4,0,1,2
40,5,19,PED-20240122-040,2025-01-22,09:00:00,entregado,84000,manual,Entregar en portería,1,Jan,2,4,4,0,1,0,0,1,9,84000.0,1,transferencia,pendiente,1.0,1.0,3,1,84000,whatsapp,individual,349,0.0,28000.0,0.527869,0.538462,0.0,0.505155,0.2,0.0,0.5,0.464286,0.527869,2,0,4,1,1,2
41,21,20,PED-20240123-041,2025-01-23,07:00:00,entregado,35000,whatsapp,,1,Jan,3,4,4,0,1,0,0,1,7,35000.0,1,daviplata,confirmado,0.0,1.0,4,2,35000,presencial,empresa,351,0.0,8750.0,0.206557,0.224359,0.0,0.108247,0.3,0.333333,0.0,0.535714,0.206557,2,2,0,0,0,1
42,10,21,PED-20240124-042,2025-01-24,08:30:00,desconocido,51000,whatsapp,Para regalo,1,Jan,4,4,4,0,1,0,0,0,8,51000.0,1,nequi,confirmado,0.0,1.0,3,2,51000,whatsapp,individual,345,0.0,17000.0,0.311475,0.326923,0.0,0.278351,0.2,0.333333,0.25,0.321429,0.311475,1,2,3,0,1,2
43,19,22,PED-20240125-043,2025-01-25,08:30:00,entregado,56000,whatsapp,Con tarjeta feliz cumpleaños,1,Jan,5,4,4,1,1,0,0,1,8,56000.0,1,efectivo,confirmado,0.0,0.0,2,1,56000,whatsapp,individual,337,0.0,28000.0,0.344262,0.358974,0.0,0.505155,0.1,0.0,0.25,0.035714,0.344262,2,2,2,0,1,2
44,20,22,PED-20240125-044,2025-01-25,08:00:00,entregado,120000,whatsapp,Con tarjeta feliz cumpleaños,1,Jan,5,4,4,1,1,0,0,1,8,120000.0,1,efectivo,confirmado,0.0,0.0,3,1,120000,whatsapp,individual,340,0.0,40000.0,0.763934,0.769231,0.0,0.752577,0.2,0.0,0.25,0.142857,0.763934,2,2,2,0,1,2
45,13,23,PED-20240126-045,2025-01-26,09:30:00,entregado,52000,whatsapp,Pago contra entrega,1,Jan,6,4,4,1,1,0,0,1,9,52000.0,1,daviplata,confirmado,0.0,1.0,2,1,52000,whatsapp,individual,345,0.0,26000.0,0.318033,0.333333,0.0,0.463918,0.1,0.0,0.5,0.321429,0.318033,2,2,0,0,1,2
46,24,23,PED-20240126-046,2025-01-26,08:00:00,entregado,20000,whatsapp,Decorar la caja,1,Jan,6,4,4,1,1,0,0,1,8,20000.0,1,transferencia,confirmado,0.0,1.0,4,2,20000,whatsapp,empresa,364,0.0,5000.0,0.108197,0.128205,0.0,0.030928,0.3,0.333333,0.25,1.0,0.108197,2,2,4,0,0,2
47,7,24,PED-20240127-047,2025-01-27,08:30:00,entregado,48000,whatsapp,Pago contra entrega,1,Jan,0,5,5,0,1,0,0,1,8,48000.0,1,nequi,confirmado,0.0,1.0,2,2,48000,otro,individual,350,0.0,24000.0,0.291803,0.307692,0.0,0.42268,0.1,0.333333,0.25,0.5,0.291803,2,2,3,0,1,0
48,21,24,PED-20240127-048,2025-01-27,09:30:00,entregado,84000,whatsapp,Para regalo,1,Jan,0,5,5,0,1,0,0,1,9,84000.0,1,nequi,rechazado,1.0,1.0,3,1,84000,presencial,empresa,351,0.0,28000.0,0.527869,0.538462,0.0,0.505155,0.2,0.0,0.5,0.535714,0.527869,2,2,3,2,0,1
49,11,24,PED-20240127-049,2025-01-27,11:00:00,entregado,12500,manual,,1,Jan,0,5,5,0,1,0,0,1,11,12500.0,1,daviplata,confirmado,0.0,1.0,3,2,12500,whatsapp,individual,336,0.0,4166.67,0.059016,0.080128,0.0,0.013746,0.2,0.333333,1.0,0.0,0.059016,2,0,0,0,1,2
50,20,25,PED-20240129-050,2025-01-29,10:00:00,entregado,80000,whatsapp,,1,Jan,2,5,5,0,1,0,0,1,10,80000.0,1,transferencia,confirmado,0.0,1.0,2,1,80000,whatsapp,individual,340,0.0,40000.0,0.501639,0.512821,0.0,0.752577,0.1,0.0,0.75,0.142857,0.501639,2,2,4,0,1,2
51,11,25,PED-20240129-051,2025-01-29,08:00:00,entregado,61000,whatsapp,Decorar la caja,1,Jan,2,5,5,0,1,0,0,1,8,61000.0,1,transferencia,confirmado,0.0,1.0,2,2,61000,whatsapp,individual,336,0.0,30500.0,0.377049,0.391026,0.0,0.556701,0.1,0.333333,0.25,0.0,0.377049,2,2,4,0,1,2
52,25,25,PED-20240129-052,2025-01-29,07:00:00,entregado,84000,whatsapp,Llamar antes,1,Jan,2,5,5,0,1,0,0,1,7,84000.0,1,transferencia,confirmado,0.0,1.0,3,1,84000,whatsapp,empresa,343,0.0,28000.0,0.527869,0.538462,0.0,0.505155,0.2,0.0,0.0,0.25,0.527869,2,2,4,0,0,2
53,16,26,PED-20240130-053,2025-01-30,09:00:00,entregado,33000,whatsapp,Con tarjeta feliz cumpleaños,1,Jan,3,5,5,0,1,0,0,1,9,33000.0,1,transferencia,confirmado,0.0,1.0,1,1,33000,otro,individual,355,0.0,33000.0,0.193443,0.211538,0.0,0.608247,0.0,0.0,0.5,0.678571,0.193443,2,2,4,0,1,0
54,10,26,PED-20240130-054,2025-01-30,09:00:00,entregado,84000,whatsapp,,1,Jan,3,5,5,0,1,0,0,1,9,84000.0,1,daviplata,confirmado,0.0,1.0,3,1,84000,whatsapp,individual,345,0.0,28000.0,0.527869,0.538462,0.0,0.505155,0.2,0.0,0.5,0.321429,0.527869,2,2,0,0,1,2
55,20,27,PED-20240131-055,2025-01-31,07:30:00,entregado,18000,whatsapp,Para regalo,1,Jan,4,5,5,0,1,0,0,1,7,18000.0,1,nequi,confirmado,0.0,1.0,2,1,18000,whatsapp,individual,340,0.0,9000.0,0.095082,0.115385,0.0,0.113402,0.1,0.0,0.0,0.142857,0.095082,2,2,3,0,1,2
56,24,27,PED-20240131-056,2025-01-31,09:30:00,entregado,33500,manual,Pago contra entrega,1,Jan,4,5,5,0,1,0,0,1,9,33500.0,1,daviplata,confirmado,0.0,1.0,4,2,33500,whatsapp,empresa,364,0.0,8375.0,0.196721,0.214744,0.0,0.100515,0.3,0.333333,0.5,1.0,0.196721,2,0,0,0,0,2
57,22,27,PED-20240131-057,2025-01-31,09:00:00,entregado,84000,whatsapp,Llamar antes,1,Jan,4,5,5,0,1,0,0,1,9,84000.0,1,nequi,confirmado,0.0,1.0,3,1,84000,otro,empresa,360,0.0,28000.0,0.527869,0.538462,0.0,0.505155,0.2,0.0,0.5,0.857143,0.527869,2,2,3,0,0,0
58,11,28,PED-20240201-058,2025-02-01,08:00:00,entregado,34000,whatsapp,,2,Feb,5,5,5,1,1,0,0,1,8,34000.0,1,transferencia,confirmado,0.0,1.0,4,2,34000,whatsapp,individual,336,0.0,8500.0,0.2,0.217949,0.0,0.103093,0.3,0.333333,0.25,0.0,0.2,2,2,4,0,1,2
59,9,28,PED-20240201-059,2025-02-01,07:00:00,entregado,105000,manual,Con tarjeta feliz cumpleaños,2,Feb,5,5,5,1,1,0,0,1,7,105000.0,1,efectivo,confirmado,0.0,0.0,3,1,105000,whatsapp,individual,349,0.0,35000.0,0.665574,0.673077,0.0,0.649485,0.2,0.0,0.0,0.464286,0.665574,2,0,2,0,1,2
60,1,29,PED-20240202-060,2025-02-02,09:30:00,entregado,26000,whatsapp,Decorar la caja,2,Feb,6,5,5,1,1,0,0,1,9,26000.0,1,transferencia,pendiente,1.0,1.0,1,1,26000,whatsapp,individual,360,0.0,26000.0,0.147541,0.166667,0.0,0.463918,0.0,0.0,0.5,0.857143,0.147541,2,2,4,1,1,2
61,7,30,PED-20240203-061,2025-02-03,09:00:00,entregado,39500,whatsapp,Llamar antes,2,Feb,0,6,6,0,1,0,0,1,9,39500.0,1,nequi,confirmado,0.0,1.0,2,2,39500,otro,individual,350,0.0,19750.0,0.236066,0.253205,0.0,0.335052,0.1,0.333333,0.5,0.5,0.236066,2,2,3,0,1,0
62,9,30,PED-20240203-062,2025-02-03,07:00:00,entregado,35000,whatsapp,Pago contra entrega,2,Feb,0,6,6,0,1,0,0,1,7,35000.0,1,efectivo,confirmado,0.0,0.0,1,1,35000,whatsapp,individual,349,0.0,35000.0,0.206557,0.224359,0.0,0.649485,0.0,0.0,0.0,0.464286,0.206557,2,2,2,0,1,2
63,9,30,PED-20240203-063,2025-02-03,09:00:00,entregado,70000,whatsapp,,2,Feb,0,6,6,0,1,0,0,1,9,70000.0,1,transferencia,confirmado,0.0,1.0,2,1,70000,whatsapp,individual,349,0.0,35000.0,0.436066,0.448718,0.0,0.649485,0.1,0.0,0.5,0.464286,0.436066,2,2,4,0,1,2
64,6,31,PED-20240205-064,2025-02-05,09:00:00,entregado,10500,whatsapp,Llamar antes,2,Feb,2,6,6,0,1,0,0,1,9,10500.0,1,nequi,confirmado,0.0,1.0,3,1,10500,presencial,individual,358,0.0,3500.0,0.045902,0.067308,0.0,0.0,0.2,0.0,0.5,0.785714,0.045902,2,2,3,0,1,1
65,9,31,PED-20240205-065,2025-02-05,08:00:00,entregado,52000,whatsapp,,2,Feb,2,6,6,0,1,0,0,1,8,52000.0,1,transferencia,confirmado,0.0,1.0,1,1,52000,whatsapp,individual,349,0.0,52000.0,0.318033,0.333333,0.0,1.0,0.0,0.0,0.25,0.464286,0.318033,2,2,4,0,1,2
66,19,32,PED-20240206-066,2025-02-06,07:00:00,entregado,55500,whatsapp,Llamar antes,2,Feb,3,6,6,0,1,0,0,1,7,55500.0,1,transferencia,confirmado,0.0,1.0,2,2,55500,whatsapp,individual,337,0.0,27750.0,0.340984,0.355769,0.0,0.5,0.1,0.333333,0.0,0.035714,0.340984,2,2,4,0,1,2
67,24,33,PED-20240207-067,2025-02-07,10:00:00,entregado,104000,whatsapp,,2,Feb,4,6,6,0,1,0,0,1,10,104000.0,1,transferencia,confirmado,0.0,1.0,2,1,104000,whatsapp,empresa,364,0.0,52000.0,0.659016,0.666667,0.0,1.0,0.1,0.0,0.75,1.0,0.659016,2,2,4,0,0,2
68,21,33,PED-20240207-068,2025-02-07,11:00:00,desconocido,46000,whatsapp,Decorar la caja,2,Feb,4,6,6,0,1,0,0,0,11,46000.0,1,nequi,confirmado,0.0,1.0,6,3,46000,presencial,empresa,351,0.0,7666.67,0.278689,0.294872,0.0,0.085911,0.5,0.666667,1.0,0.535714,0.278689,1,2,3,0,0,1
69,12,34,PED-20240208-069,2025-02-08,10:30:00,entregado,35500,whatsapp,,2,Feb,5,6,6,1,1,0,0,1,10,35500.0,1,transferencia,confirmado,0.0,1.0,2,2,35500,whatsapp,individual,353,0.0,17750.0,0.209836,0.227564,0.0,0.293814,0.1,0.333333,0.75,0.607143,0.209836,2,2,4,0,1,2
70,19,34,PED-20240208-070,2025-02-08,11:00:00,entregado,56000,whatsapp,,2,Feb,5,6,6,1,1,0,0,1,11,56000.0,1,transferencia,confirmado,0.0,1.0,2,1,56000,whatsapp,individual,337,0.0,28000.0,0.344262,0.358974,0.0,0.505155,0.1,0.0,1.0,0.035714,0.344262,2,2,4,0,1,2
71,9,35,PED-20240209-071,2025-02-09,10:00:00,desconocido,42000,whatsapp,Con tarjeta feliz cumpleaños,2,Feb,6,6,6,1,1,0,0,0,10,42000.0,1,transferencia,confirmado,0.0,1.0,5,2,42000,whatsapp,individual,349,0.0,8400.0,0.252459,0.269231,0.0,0.101031,0.4,0.333333,0.75,0.464286,0.252459,1,2,4,0,1,2
72,4,35,PED-20240209-072,2025-02-09,11:30:00,entregado,43000,whatsapp,,2,Feb,6,6,6,1,1,0,0,1,11,43000.0,1,nequi,pendiente,1.0,1.0,3,2,43000,whatsapp,individual,337,0.0,14333.33,0.259016,0.275641,0.0,0.223368,0.2,0.333333,1.0,0.035714,0.259016,2,2,3,1,1,2
73,4,36,PED-20240210-073,2025-02-10,07:00:00,entregado,15500,whatsapp,Llamar antes,2,Feb,0,7,7,0,1,0,0,1,7,15500.0,1,transferencia,confirmado,0.0,1.0,3,2,15500,whatsapp,individual,337,0.0,5166.67,0.078689,0.099359,0.0,0.034364,0.2,0.333333,0.0,0.035714,0.078689,2,2,4,0,1,2
74,24,36,PED-20240210-074,2025-02-10,07:00:00,desconocido,99000,whatsapp,Decorar la caja,2,Feb,0,7,7,0,1,0,0,0,7,99000.0,1,nequi,confirmado,0.0,1.0,3,1,99000,whatsapp,empresa,364,0.0,33000.0,0.62623,0.634615,0.0,0.608247,0.2,0.0,0.0,1.0,0.62623,1,2,3,0,0,2
75,4,36,PED-20240210-075,2025-02-10,09:30:00,entregado,26000,whatsapp,Pago contra entrega,2,Feb,0,7,7,0,1,0,0,1,9,26000.0,1,efectivo,confirmado,0.0,0.0,1,1,26000,whatsapp,individual,337,0.0,26000.0,0.147541,0.166667,0.0,0.463918,0.0,0.0,0.5,0.035714,0.147541,2,2,2,0,1,2
76,18,37,PED-20240212-076,2025-02-12,10:30:00,entregado,40000,whatsapp,Pago contra entrega,2,Feb,2,7,7,0,1,0,0,1,10,40000.0,1,transferencia,confirmado,0.0,1.0,1,1,40000,whatsapp,individual,336,0.0,40000.0,0.239344,0.25641,0.0,0.752577,0.0,0.0,0.75,0.0,0.239344,2,2,4,0,1,2
77,12,38,PED-20240213-077,2025-02-13,08:30:00,entregado,99000,whatsapp,,2,Feb,3,7,7,0,1,0,0,1,8,99000.0,1,efectivo,confirmado,0.0,0.0,3,1,99000,whatsapp,individual,353,0.0,33000.0,0.62623,0.634615,0.0,0.608247,0.2,0.0,0.25,0.607143,0.62623,2,2,2,0,1,2
78,21,38,PED-20240213-078,2025-02-13,08:00:00,entregado,33000,whatsapp,Llamar antes,2,Feb,3,7,7,0,1,0,0,1,8,33000.0,1,transferencia,confirmado,0.0,1.0,1,1,33000,presencial,empresa,351,0.0,33000.0,0.193443,0.211538,0.0,0.608247,0.0,0.0,0.25,0.535714,0.193443,2,2,4,0,0,1
79,22,39,PED-20240214-079,2025-02-14,11:30:00,entregado,43000,whatsapp,,2,Feb,4,7,7,0,1,1,0,1,11,43000.0,1,nequi,confirmado,0.0,1.0,7,4,43000,otro,empresa,360,0.0,6142.86,0.259016,0.275641,0.0,0.054492,0.6,1.0,1.0,0.857143,0.259016,2,2,3,0,0,0
80,10,39,PED-20240214-080,2025-02-14,10:00:00,entregado,78000,whatsapp,,2,Feb,4,7,7,0,1,1,0,1,10,78000.0,1,efectivo,confirmado,0.0,0.0,3,1,78000,whatsapp,individual,345,0.0,26000.0,0.488525,0.5,0.0,0.463918,0.2,0.0,0.75,0.321429,0.488525,2,2,2,0,1,2
81,10,39,PED-20240214-081,2025-02-14,07:30:00,entregado,84000,whatsapp,Pago contra entrega,2,Feb,4,7,7,0,1,1,0,1,7,84000.0,1,daviplata,confirmado,0.0,1.0,3,1,84000,whatsapp,individual,345,0.0,28000.0,0.527869,0.538462,0.0,0.505155,0.2,0.0,0.0,0.321429,0.527869,2,2,0,0,1,2
82,19,40,PED-20240215-082,2025-02-15,07:00:00,entregado,28000,whatsapp,Entregar en portería,2,Feb,5,7,7,1,1,0,0,1,7,28000.0,1,transferencia,confirmado,0.0,1.0,1,1,28000,whatsapp,individual,337,0.0,28000.0,0.160656,0.179487,0.0,0.505155,0.0,0.0,0.0,0.035714,0.160656,2,2,4,0,1,2
83,17,40,PED-20240215-083,2025-02-15,11:00:00,entregado,21000,otro,,2,Feb,5,7,7,1,1,0,0,1,11,21000.0,1,transferencia,confirmado,0.0,1.0,3,2,21000,whatsapp,individual,338,0.0,7000.0,0.114754,0.134615,0.0,0.072165,0.2,0.333333,1.0,0.071429,0.114754,2,1,4,0,1,2
84,9,41,PED-20240216-084,2025-02-16,08:30:00,entregado,52500,whatsapp,,2,Feb,6,7,7,1,1,0,0,1,8,52500.0,1,nequi,confirmado,0.0,1.0,7,3,52500,whatsapp,individual,349,0.0,7500.0,0.321311,0.336538,0.0,0.082474,0.6,0.666667,0.25,0.464286,0.321311,2,2,3,0,1,2
85,23,42,PED-20240217-085,2025-02-17,09:30:00,entregado,54000,whatsapp,Decorar la caja,2,Feb,0,8,8,0,1,0,0,1,9,54000.0,1,nequi,pendiente,1.0,1.0,7,3,54000,whatsapp,empresa,355,0.0,7714.29,0.331148,0.346154,0.0,0.086893,0.6,0.666667,0.5,0.678571,0.331148,2,2,3,1,0,2
86,12,42,PED-20240217-086,2025-02-17,09:30:00,entregado,33000,whatsapp,Pago contra entrega,2,Feb,0,8,8,0,1,0,0,1,9,33000.0,1,efectivo,confirmado,0.0,0.0,4,2,33000,whatsapp,individual,353,0.0,8250.0,0.193443,0.211538,0.0,0.097938,0.3,0.333333,0.5,0.607143,0.193443,2,2,2,0,1,2
87,17,43,PED-20240219-087,2025-02-19,08:00:00,entregado,45000,whatsapp,Pago contra entrega,2,Feb,2,8,8,0,1,0,0,1,8,45000.0,1,nequi,confirmado,0.0,1.0,3,2,45000,whatsapp,individual,338,0.0,15000.0,0.272131,0.288462,0.0,0.237113,0.2,0.333333,0.25,0.071429,0.272131,2,2,3,0,1,2
88,19,43,PED-20240219-088,2025-02-19,09:30:00,entregado,44000,whatsapp,,2,Feb,2,8,8,0,1,0,0,1,9,44000.0,1,nequi,confirmado,0.0,1.0,2,2,44000,whatsapp,individual,337,0.0,22000.0,0.265574,0.282051,0.0,0.381443,0.1,0.333333,0.5,0.035714,0.265574,2,2,3,0,1,2
89,7,44,PED-20240220-089,2025-02-20,10:30:00,entregado,52000,whatsapp,Pago contra entrega,2,Feb,3,8,8,0,1,0,0,1,10,52000.0,1,nequi,confirmado,0.0,1.0,2,1,52000,otro,individual,350,0.0,26000.0,0.318033,0.333333,0.0,0.463918,0.1,0.0,0.75,0.5,0.318033,2,2,3,0,1,0
90,2,44,PED-20240220-090,2025-02-20,08:30:00,entregado,43500,whatsapp,Con tarjeta feliz cumpleaños,2,Feb,3,8,8,0,1,0,0,1,8,43500.0,1,nequi,confirmado,0.0,1.0,5,2,43500,otro,individual,362,0.0,8700.0,0.262295,0.278846,0.0,0.107216,0.4,0.333333,0.25,0.928571,0.262295,2,2,3,0,1,0
91,14,44,PED-20240220-091,2025-02-20,11:00:00,entregado,66000,whatsapp,,2,Feb,3,8,8,0,1,0,0,1,11,66000.0,1,nequi,confirmado,0.0,1.0,2,1,66000,whatsapp,individual,359,0.0,33000.0,0.409836,0.423077,0.0,0.608247,0.1,0.0,1.0,0.821429,0.409836,2,2,3,0,1,2
92,8,45,PED-20240221-092,2025-02-21,08:00:00,entregado,43500,whatsapp,Para regalo,2,Feb,4,8,8,0,1,0,0,1,8,43500.0,1,nequi,confirmado,0.0,1.0,2,2,43500,presencial,individual,345,0.0,21750.0,0.262295,0.278846,0.0,0.376289,0.1,0.333333,0.25,0.321429,0.262295,2,2,3,0,1,1
93,8,45,PED-20240221-093,2025-02-21,11:00:00,entregado,52000,manual,Para regalo,2,Feb,4,8,8,0,1,0,0,1,11,52000.0,1,transferencia,confirmado,0.0,1.0,2,1,52000,presencial,individual,345,0.0,26000.0,0.318033,0.333333,0.0,0.463918,0.1,0.0,1.0,0.321429,0.318033,2,0,4,0,1,1
94,10,46,PED-20240222-094,2025-02-22,09:30:00,entregado,55500,whatsapp,,2,Feb,5,8,8,1,1,0,0,1,9,55500.0,1,transferencia,confirmado,0.0,1.0,2,2,55500,whatsapp,individual,345,0.0,27750.0,0.340984,0.355769,0.0,0.5,0.1,0.333333,0.5,0.321429,0.340984,2,2,4,0,1,2
95,7,46,PED-20240222-095,2025-02-22,10:30:00,entregado,56000,manual,,2,Feb,5,8,8,1,1,0,0,1,10,56000.0,1,nequi,confirmado,0.0,1.0,2,1,56000,otro,individual,350,0.0,28000.0,0.344262,0.358974,0.0,0.505155,0.1,0.0,0.75,0.5,0.344262,2,0,3,0,1,0
96,4,47,PED-20240223-096,2025-02-23,10:00:00,entregado,69000,whatsapp,,2,Feb,6,8,8,1,1,0,0,1,10,69000.0,1,transferencia,confirmado,0.0,1.0,3,2,69000,whatsapp,individual,337,0.0,23000.0,0.429508,0.442308,0.0,0.402062,0.2,0.333333,0.75,0.035714,0.429508,2,2,4,0,1,2
97,2,47,PED-20240223-097,2025-02-23,11:00:00,desconocido,56000,whatsapp,,2,Feb,6,8,8,1,1,0,0,0,11,56000.0,1,nequi,confirmado,0.0,1.0,2,1,56000,otro,individual,362,0.0,28000.0,0.344262,0.358974,0.0,0.505155,0.1,0.0,1.0,0.928571,0.344262,1,2,3,0,1,0
98,11,48,PED-20240224-098,2025-02-24,07:00:00,entregado,84000,whatsapp,,2,Feb,0,9,9,0,1,0,0,1,7,84000.0,1,transferencia,confirmado,0.0,1.0,3,1,84000,whatsapp,individual,336,0.0,28000.0,0.527869,0.538462,0.0,0.505155,0.2,0.0,0.0,0.0,0.527869,2,2,4,0,1,2
99,17,48,PED-20240224-099,2025-02-24,08:30:00,entregado,70000,otro,Pago contra entrega,2,Feb,0,9,9,0,1,0,0,1,8,70000.0,1,nequi,confirmado,0.0,1.0,3,2,70000,whatsapp,individual,338,0.0,23333.33,0.436066,0.448718,0.0,0.408935,0.2,0.333333,0.25,0.071429,0.436066,2,1,3,0,1,2
100,7,48,PED-20240224-100,2025-02-24,10:00:00,entregado,84000,whatsapp,Para regalo,2,Feb,0,9,9,0,1,0,0,1,10,84000.0,1,efectivo,confirmado,0.0,0.0,3,1,84000,otro,individual,350,0.0,28000.0,0.527869,0.538462,0.0,0.505155,0.2,0.0,0.75,0.5,0.527869,2,2,2,0,1,0
101,20,48,PED-20240224-101,2025-02-24,07:30:00,pendiente,66000,whatsapp,Pago contra entrega,2,Feb,0,9,9,0,1,0,0,0,7,0.0,0,desconocido,sin_pago,0.0,0.0,2,1,66000,whatsapp,individual,340,66000.0,33000.0,0.409836,0.0,0.55,0.608247,0.1,0.0,0.0,0.142857,0.409836,3,2,1,3,1,2
102,16,49,PED-20240226-102,2025-02-26,11:30:00,entregado,45000,whatsapp,Llamar antes,2,Feb,2,9,9,0,1,0,0,1,11,45000.0,1,nequi,confirmado,0.0,1.0,6,3,45000,otro,individual,355,0.0,7500.0,0.272131,0.288462,0.0,0.082474,0.5,0.666667,1.0,0.678571,0.272131,2,2,3,0,1,0
103,20,50,PED-20240227-103,2025-02-27,07:00:00,entregado,104000,whatsapp,,2,Feb,3,9,9,0,1,0,0,1,7,104000.0,1,nequi,confirmado,0.0,1.0,2,1,104000,whatsapp,individual,340,0.0,52000.0,0.659016,0.666667,0.0,1.0,0.1,0.0,0.0,0.142857,0.659016,2,2,3,0,1,2
104,15,51,PED-20240228-104,2025-02-28,08:00:00,entregado,8000,whatsapp,,2,Feb,4,9,9,0,1,0,0,1,8,8000.0,1,efectivo,confirmado,0.0,0.0,1,1,8000,whatsapp,individual,337,0.0,8000.0,0.029508,0.051282,0.0,0.092784,0.0,0.0,0.25,0.035714,0.029508,2,2,2,0,1,2
105,3,52,PED-20240229-105,2025-02-28,08:30:00,entregado,42000,whatsapp,Con tarjeta feliz cumpleaños,2,Feb,4,9,9,0,1,0,0,1,8,42000.0,1,transferencia,confirmado,0.0,1.0,3,2,42000,otro,individual,358,0.0,14000.0,0.252459,0.269231,0.0,0.216495,0.2,0.333333,0.25,0.785714,0.252459,2,2,4,0,1,0
106,21,52,PED-20240229-106,2025-02-28,10:30:00,entregado,35000,otro,Pago contra entrega,2,Feb,4,9,9,0,1,0,0,1,10,35000.0,1,daviplata,confirmado,0.0,1.0,1,1,35000,presencial,empresa,351,0.0,35000.0,0.206557,0.224359,0.0,0.649485,0.0,0.0,0.75,0.535714,0.206557,2,1,0,0,0,1
107,24,52,PED-20240229-107,2025-02-28,10:30:00,entregado,35500,whatsapp,Llamar antes,2,Feb,4,9,9,0,1,0,0,1,10,35500.0,1,transferencia,confirmado,0.0,1.0,2,2,35500,whatsapp,empresa,364,0.0,17750.0,0.209836,0.227564,0.0,0.293814,0.1,0.333333,0.75,1.0,0.209836,2,2,4,0,0,2
108,2,53,PED-20240301-108,2025-03-01,11:00:00,entregado,9000,whatsapp,Para regalo,3,Mar,5,9,9,1,1,0,0,1,11,9000.0,1,nequi,confirmado,0.0,1.0,1,1,9000,otro,individual,362,0.0,9000.0,0.036066,0.057692,0.0,0.113402,0.0,0.0,1.0,0.928571,0.036066,2,2,3,0,1,0
109,23,54,PED-20240302-109,2025-03-02,08:00:00,entregado,120000,whatsapp,Con tarjeta feliz cumpleaños,3,Mar,6,9,9,1,1,0,0,1,8,120000.0,1,efectivo,confirmado,0.0,0.0,3,1,120000,whatsapp,empresa,355,0.0,40000.0,0.763934,0.769231,0.0,0.752577,0.2,0.0,0.25,0.678571,0.763934,2,2,2,0,0,2
110,23,54,PED-20240302-110,2025-03-02,08:30:00,entregado,35000,whatsapp,Decorar la caja,3,Mar,6,9,9,1,1,0,0,1,8,35000.0,1,nequi,confirmado,0.0,1.0,1,1,35000,whatsapp,empresa,355,0.0,35000.0,0.206557,0.224359,0.0,0.649485,0.0,0.0,0.25,0.678571,0.206557,2,2,3,0,0,2
111,8,55,PED-20240304-111,2025-03-04,07:30:00,entregado,33000,whatsapp,Llamar antes,3,Mar,1,10,10,0,1,0,0,1,7,33000.0,1,efectivo,confirmado,0.0,0.0,5,2,33000,presencial,individual,345,0.0,6600.0,0.193443,0.211538,0.0,0.063918,0.4,0.333333,0.0,0.321429,0.193443,2,2,2,0,1,1
112,2,56,PED-20240305-112,2025-03-05,11:30:00,entregado,156000,whatsapp,,3,Mar,2,10,10,0,1,0,0,1,11,156000.0,1,transferencia,confirmado,0.0,1.0,3,1,156000,otro,individual,362,0.0,52000.0,1.0,1.0,0.0,1.0,0.2,0.0,1.0,0.928571,1.0,2,2,4,0,1,0
113,25,56,PED-20240305-113,2025-03-05,07:00:00,entregado,80000,whatsapp,,3,Mar,2,10,10,0,1,0,0,1,7,80000.0,1,nequi,confirmado,0.0,1.0,2,1,80000,whatsapp,empresa,343,0.0,40000.0,0.501639,0.512821,0.0,0.752577,0.1,0.0,0.0,0.25,0.501639,2,2,3,0,0,2
114,5,56,PED-20240305-114,2025-03-05,10:30:00,entregado,33000,whatsapp,Entregar en portería,3,Mar,2,10,10,0,1,0,0,1,10,33000.0,1,daviplata,confirmado,0.0,1.0,5,3,33000,whatsapp,individual,349,0.0,6600.0,0.193443,0.211538,0.0,0.063918,0.4,0.666667,0.75,0.464286,0.193443,2,2,0,0,1,2
115,23,57,PED-20240306-115,2025-03-06,07:30:00,entregado,39500,whatsapp,Llamar antes,3,Mar,3,10,10,0,1,0,0,1,7,39500.0,1,efectivo,confirmado,0.0,0.0,5,3,39500,whatsapp,empresa,355,0.0,7900.0,0.236066,0.253205,0.0,0.090722,0.4,0.666667,0.0,0.678571,0.236066,2,2,2,0,0,2
116,22,58,PED-20240307-116,2025-03-07,10:30:00,entregado,26000,whatsapp,Entregar en portería,3,Mar,4,10,10,0,1,0,0,1,10,26000.0,1,transferencia,confirmado,0.0,1.0,1,1,26000,otro,empresa,360,0.0,26000.0,0.147541,0.166667,0.0,0.463918,0.0,0.0,0.75,0.857143,0.147541,2,2,4,0,0,0
117,11,58,PED-20240307-117,2025-03-07,09:00:00,entregado,26000,whatsapp,Para regalo,3,Mar,4,10,10,0,1,0,0,1,9,26000.0,1,transferencia,confirmado,0.0,1.0,1,1,26000,whatsapp,individual,336,0.0,26000.0,0.147541,0.166667,0.0,0.463918,0.0,0.0,0.5,0.0,0.147541,2,2,4,0,1,2
118,14,58,PED-20240307-118,2025-03-07,10:00:00,entregado,33500,whatsapp,Con tarjeta feliz cumpleaños,3,Mar,4,10,10,0,1,0,0,1,10,33500.0,1,daviplata,pendiente,1.0,1.0,4,3,33500,whatsapp,individual,359,0.0,8375.0,0.196721,0.214744,0.0,0.100515,0.3,0.666667,0.75,0.821429,0.196721,2,2,0,1,1,2
119,1,59,PED-20240308-119,2025-03-08,10:00:00,entregado,46000,whatsapp,Con tarjeta feliz cumpleaños,3,Mar,5,10,10,1,1,0,0,1,10,46000.0,1,daviplata,confirmado,0.0,1.0,3,2,46000,whatsapp,individual,360,0.0,15333.33,0.278689,0.294872,0.0,0.243986,0.2,0.333333,0.75,0.857143,0.278689,2,2,0,0,1,2
120,10,59,PED-20240308-120,2025-03-08,10:30:00,entregado,37500,whatsapp,Pago contra entrega,3,Mar,5,10,10,1,1,0,0,1,10,37500.0,1,nequi,confirmado,0.0,1.0,2,2,37500,whatsapp,individual,345,0.0,18750.0,0.222951,0.240385,0.0,0.314433,0.1,0.333333,0.75,0.321429,0.222951,2,2,3,0,1,2
121,12,59,PED-20240308-121,2025-03-08,08:00:00,entregado,65000,whatsapp,Para regalo,3,Mar,5,10,10,1,1,0,0,1,8,65000.0,1,efectivo,confirmado,0.0,0.0,3,2,65000,whatsapp,individual,353,0.0,21666.67,0.403279,0.416667,0.0,0.374571,0.2,0.333333,0.25,0.607143,0.403279,2,2,2,0,1,2
122,3,59,PED-20240308-122,2025-03-08,08:30:00,desconocido,99000,whatsapp,Con tarjeta feliz cumpleaños,3,Mar,5,10,10,1,1,0,0,0,8,99000.0,1,nequi,confirmado,0.0,1.0,3,1,99000,otro,individual,358,0.0,33000.0,0.62623,0.634615,0.0,0.608247,0.2,0.0,0.25,0.785714,0.62623,1,2,3,0,1,0
123,1,59,PED-20240308-123,2025-03-08,07:30:00,entregado,28000,whatsapp,,3,Mar,5,10,10,1,1,0,0,1,7,28000.0,1,daviplata,confirmado,0.0,1.0,1,1,28000,whatsapp,individual,360,0.0,28000.0,0.160656,0.179487,0.0,0.505155,0.0,0.0,0.0,0.857143,0.160656,2,2,0,0,1,2
124,21,59,PED-20240308-124,2025-03-08,07:30:00,entregado,41000,whatsapp,Para regalo,3,Mar,5,10,10,1,1,0,0,1,7,41000.0,1,transferencia,confirmado,0.0,1.0,3,2,41000,presencial,empresa,351,0.0,13666.67,0.245902,0.262821,0.0,0.209622,0.2,0.333333,0.0,0.535714,0.245902,2,2,4,0,0,1
125,19,60,PED-20240309-125,2025-03-09,11:00:00,entregado,156000,whatsapp,Pago contra entrega,3,Mar,6,10,10,1,1,0,0,1,11,156000.0,1,efectivo,confirmado,0.0,0.0,3,1,156000,whatsapp,individual,337,0.0,52000.0,1.0,1.0,0.0,1.0,0.2,0.0,1.0,0.035714,1.0,2,2,2,0,1,2
126,18,60,PED-20240309-126,2025-03-09,07:30:00,entregado,52000,whatsapp,Entregar en portería,3,Mar,6,10,10,1,1,0,0,1,7,52000.0,1,daviplata,confirmado,0.0,1.0,1,1,52000,whatsapp,individual,336,0.0,52000.0,0.318033,0.333333,0.0,1.0,0.0,0.0,0.0,0.0,0.318033,2,2,0,0,1,2
127,22,60,PED-20240309-127,2025-03-09,08:00:00,entregado,84000,whatsapp,Con tarjeta feliz cumpleaños,3,Mar,6,10,10,1,1,0,0,1,8,84000.0,1,transferencia,confirmado,0.0,1.0,3,1,84000,otro,empresa,360,0.0,28000.0,0.527869,0.538462,0.0,0.505155,0.2,0.0,0.25,0.857143,0.527869,2,2,4,0,0,0
128,1,61,PED-20240311-128,2025-03-11,11:30:00,entregado,65000,whatsapp,Llamar antes,3,Mar,1,11,11,0,1,0,0,1,11,65000.0,1,daviplata,confirmado,0.0,1.0,3,2,65000,whatsapp,individual,360,0.0,21666.67,0.403279,0.416667,0.0,0.374571,0.2,0.333333,1.0,0.857143,0.403279,2,2,0,0,1,2
129,1,61,PED-20240311-129,2025-03-11,09:00:00,entregado,42500,whatsapp,Para regalo,3,Mar,1,11,11,0,1,0,0,1,9,42500.0,1,transferencia,confirmado,0.0,1.0,5,3,42500,whatsapp,individual,360,0.0,8500.0,0.255738,0.272436,0.0,0.103093,0.4,0.666667,0.5,0.857143,0.255738,2,2,4,0,1,2
130,21,61,PED-20240311-130,2025-03-11,08:30:00,entregado,104000,whatsapp,,3,Mar,1,11,11,0,1,0,0,1,8,104000.0,1,nequi,confirmado,0.0,1.0,2,1,104000,presencial,empresa,351,0.0,52000.0,0.659016,0.666667,0.0,1.0,0.1,0.0,0.25,0.535714,0.659016,2,2,3,0,0,1
131,22,62,PED-20240312-131,2025-03-12,08:30:00,entregado,56000,whatsapp,Decorar la caja,3,Mar,2,11,11,0,1,0,0,1,8,56000.0,1,daviplata,confirmado,0.0,1.0,2,1,56000,otro,empresa,360,0.0,28000.0,0.344262,0.358974,0.0,0.505155,0.1,0.0,0.25,0.857143,0.344262,2,2,0,0,0,0
132,18,62,PED-20240312-132,2025-03-12,09:30:00,entregado,35500,whatsapp,Decorar la caja,3,Mar,2,11,11,0,1,0,0,1,9,35500.0,1,transferencia,pendiente,1.0,1.0,2,2,35500,whatsapp,individual,336,0.0,17750.0,0.209836,0.227564,0.0,0.293814,0.1,0.333333,0.5,0.0,0.209836,2,2,4,1,1,2
133,20,63,PED-20240313-133,2025-03-13,07:00:00,entregado,26000,whatsapp,,3,Mar,3,11,11,0,1,0,0,1,7,26000.0,1,daviplata,confirmado,0.0,1.0,1,1,26000,whatsapp,individual,340,0.0,26000.0,0.147541,0.166667,0.0,0.463918,0.0,0.0,0.0,0.142857,0.147541,2,2,0,0,1,2
134,23,63,PED-20240313-134,2025-03-13,10:00:00,entregado,78000,whatsapp,Pago contra entrega,3,Mar,3,11,11,0,1,0,0,1,10,78000.0,1,transferencia,confirmado,0.0,1.0,3,1,78000,whatsapp,empresa,355,0.0,26000.0,0.488525,0.5,0.0,0.463918,0.2,0.0,0.75,0.678571,0.488525,2,2,4,0,0,2
135,7,64,PED-20240314-135,2025-03-14,11:30:00,entregado,78000,whatsapp,Para regalo,3,Mar,4,11,11,0,1,0,0,1,11,78000.0,1,transferencia,confirmado,0.0,1.0,3,1,78000,otro,individual,350,0.0,26000.0,0.488525,0.5,0.0,0.463918,0.2,0.0,1.0,0.5,0.488525,2,2,4,0,1,0
136,10,64,PED-20240314-136,2025-03-14,08:00:00,entregado,70000,whatsapp,Con tarjeta feliz cumpleaños,3,Mar,4,11,11,0,1,0,0,1,8,70000.0,1,transferencia,confirmado,0.0,1.0,2,1,70000,whatsapp,individual,345,0.0,35000.0,0.436066,0.448718,0.0,0.649485,0.1,0.0,0.25,0.321429,0.436066,2,2,4,0,1,2
137,16,64,PED-20240314-137,2025-03-14,07:30:00,entregado,45000,whatsapp,Decorar la caja,3,Mar,4,11,11,0,1,0,0,1,7,45000.0,1,efectivo,confirmado,0.0,0.0,3,2,45000,otro,individual,355,0.0,15000.0,0.272131,0.288462,0.0,0.237113,0.2,0.333333,0.0,0.678571,0.272131,2,2,2,0,1,0
138,23,65,PED-20240315-138,2025-03-15,11:30:00,entregado,33000,whatsapp,Decorar la caja,3,Mar,5,11,11,1,1,0,0,1,11,33000.0,1,efectivo,confirmado,0.0,0.0,1,1,33000,whatsapp,empresa,355,0.0,33000.0,0.193443,0.211538,0.0,0.608247,0.0,0.0,1.0,0.678571,0.193443,2,2,2,0,0,2
139,4,65,PED-20240315-139,2025-03-15,09:30:00,entregado,58000,whatsapp,,3,Mar,5,11,11,1,1,0,0,1,9,58000.0,1,transferencia,pendiente,1.0,1.0,3,2,58000,whatsapp,individual,337,0.0,19333.33,0.357377,0.371795,0.0,0.32646,0.2,0.333333,0.5,0.035714,0.357377,2,2,4,1,1,2
140,2,66,PED-20240316-140,2025-03-16,10:00:00,entregado,35000,whatsapp,Pago contra entrega,3,Mar,6,11,11,1,1,0,0,1,10,35000.0,1,daviplata,confirmado,0.0,1.0,1,1,35000,otro,individual,362,0.0,35000.0,0.206557,0.224359,0.0,0.649485,0.0,0.0,0.75,0.928571,0.206557,2,2,0,0,1,0
141,18,66,PED-20240316-141,2025-03-16,08:00:00,entregado,28000,whatsapp,Entregar en portería,3,Mar,6,11,11,1,1,0,0,1,8,28000.0,1,nequi,pendiente,1.0,1.0,1,1,28000,whatsapp,individual,336,0.0,28000.0,0.160656,0.179487,0.0,0.505155,0.0,0.0,0.25,0.0,0.160656,2,2,3,1,1,2
142,2,66,PED-20240316-142,2025-03-16,10:00:00,entregado,43000,whatsapp,,3,Mar,6,11,11,1,1,0,0,1,10,43000.0,1,efectivo,pendiente,1.0,0.0,5,2,43000,otro,individual,362,0.0,8600.0,0.259016,0.275641,0.0,0.105155,0.4,0.333333,0.75,0.928571,0.259016,2,2,2,1,1,0
143,22,67,PED-20240318-143,2025-03-18,11:30:00,entregado,62500,whatsapp,Llamar antes,3,Mar,1,12,12,0,1,0,0,1,11,62500.0,1,efectivo,confirmado,0.0,0.0,8,4,62500,otro,empresa,360,0.0,7812.5,0.386885,0.400641,0.0,0.088918,0.7,1.0,1.0,0.857143,0.386885,2,2,2,0,0,0
144,14,68,PED-20240319-144,2025-03-19,07:00:00,entregado,99000,whatsapp,Entregar en portería,3,Mar,2,12,12,0,1,0,0,1,7,99000.0,1,nequi,confirmado,0.0,1.0,3,1,99000,whatsapp,individual,359,0.0,33000.0,0.62623,0.634615,0.0,0.608247,0.2,0.0,0.0,0.821429,0.62623,2,2,3,0,1,2
145,13,69,PED-20240320-145,2025-03-20,10:30:00,entregado,53000,whatsapp,Con tarjeta feliz cumpleaños,3,Mar,3,12,12,0,1,0,0,1,10,53000.0,1,transferencia,confirmado,0.0,1.0,3,2,53000,whatsapp,individual,345,0.0,17666.67,0.32459,0.339744,0.0,0.292096,0.2,0.333333,0.75,0.321429,0.32459,2,2,4,0,1,2
146,21,69,PED-20240320-146,2025-03-20,08:00:00,entregado,120000,whatsapp,,3,Mar,3,12,12,0,1,0,0,1,8,120000.0,1,efectivo,rechazado,1.0,0.0,3,1,120000,presencial,empresa,351,0.0,40000.0,0.763934,0.769231,0.0,0.752577,0.2,0.0,0.25,0.535714,0.763934,2,2,2,2,0,1
147,4,70,PED-20240321-147,2025-03-21,09:30:00,entregado,40000,whatsapp,,3,Mar,4,12,12,0,1,0,0,1,9,40000.0,1,efectivo,confirmado,0.0,0.0,1,1,40000,whatsapp,individual,337,0.0,40000.0,0.239344,0.25641,0.0,0.752577,0.0,0.0,0.5,0.035714,0.239344,2,2,2,0,1,2
148,20,70,PED-20240321-148,2025-03-21,11:30:00,entregado,53000,whatsapp,Para regalo,3,Mar,4,12,12,0,1,0,0,1,11,53000.0,1,transferencia,confirmado,0.0,1.0,3,2,53000,whatsapp,individual,340,0.0,17666.67,0.32459,0.339744,0.0,0.292096,0.2,0.333333,1.0,0.142857,0.32459,2,2,4,0,1,2
149,23,70,PED-20240321-149,2025-03-21,08:00:00,entregado,26000,whatsapp,Decorar la caja,3,Mar,4,12,12,0,1,0,0,1,8,26000.0,1,nequi,confirmado,0.0,1.0,1,1,26000,whatsapp,empresa,355,0.0,26000.0,0.147541,0.166667,0.0,0.463918,0.0,0.0,0.25,0.678571,0.147541,2,2,3,0,0,2
150,24,71,PED-20240322-150,2025-03-22,07:30:00,entregado,52000,whatsapp,Para regalo,3,Mar,5,12,12,1,1,0,0,1,7,52000.0,1,efectivo,confirmado,0.0,0.0,1,1,52000,whatsapp,empresa,364,0.0,52000.0,0.318033,0.333333,0.0,1.0,0.0,0.0,0.0,1.0,0.318033,2,2,2,0,0,2
151,23,71,PED-20240322-151,2025-03-22,08:30:00,entregado,51000,whatsapp,Pago contra entrega,3,Mar,5,12,12,1,1,0,0,1,8,51000.0,1,transferencia,pendiente,1.0,1.0,6,2,51000,whatsapp,empresa,355,0.0,8500.0,0.311475,0.326923,0.0,0.103093,0.5,0.333333,0.25,0.678571,0.311475,2,2,4,1,0,2
152,11,71,PED-20240322-152,2025-03-22,07:00:00,entregado,20000,whatsapp,Entregar en portería,3,Mar,5,12,12,1,1,0,0,1,7,20000.0,1,nequi,confirmado,0.0,1.0,3,3,20000,whatsapp,individual,336,0.0,6666.67,0.108197,0.128205,0.0,0.065292,0.2,0.666667,0.0,0.0,0.108197,2,2,3,0,1,2
153,12,72,PED-20240323-153,2025-03-23,10:00:00,entregado,28000,whatsapp,Decorar la caja,3,Mar,6,12,12,1,1,0,0,1,10,28000.0,1,efectivo,confirmado,0.0,0.0,1,1,28000,whatsapp,individual,353,0.0,28000.0,0.160656,0.179487,0.0,0.505155,0.0,0.0,0.75,0.607143,0.160656,2,2,2,0,1,2
154,20,72,PED-20240323-154,2025-03-23,10:30:00,entregado,40000,manual,Llamar antes,3,Mar,6,12,12,1,1,0,0,1,10,40000.0,1,transferencia,pendiente,1.0,1.0,1,1,40000,whatsapp,individual,340,0.0,40000.0,0.239344,0.25641,0.0,0.752577,0.0,0.0,0.75,0.142857,0.239344,2,0,4,1,1,2
155,16,73,PED-20240325-155,2025-03-25,07:00:00,entregado,33500,whatsapp,Con tarjeta feliz cumpleaños,3,Mar,1,13,13,0,1,0,0,1,7,33500.0,1,efectivo,confirmado,0.0,0.0,2,2,33500,otro,individual,355,0.0,16750.0,0.196721,0.214744,0.0,0.273196,0.1,0.333333,0.0,0.678571,0.196721,2,2,2,0,1,0
156,21,74,PED-20240326-156,2025-03-26,09:00:00,entregado,120000,whatsapp,,3,Mar,2,13,13,0,1,0,0,1,9,120000.0,1,transferencia,confirmado,0.0,1.0,3,1,120000,presencial,empresa,351,0.0,40000.0,0.763934,0.769231,0.0,0.752577,0.2,0.0,0.5,0.535714,0.763934,2,2,4,0,0,1
157,24,75,PED-20240327-157,2025-03-27,10:00:00,entregado,54000,whatsapp,Con tarjeta feliz cumpleaños,3,Mar,3,13,13,0,1,0,0,1,10,54000.0,1,nequi,confirmado,0.0,1.0,6,2,54000,whatsapp,empresa,364,0.0,9000.0,0.331148,0.346154,0.0,0.113402,0.5,0.333333,0.75,1.0,0.331148,2,2,3,0,0,2
158,7,76,PED-20240328-158,2025-03-28,11:30:00,entregado,58000,whatsapp,Pago contra entrega,3,Mar,4,13,13,0,1,0,0,1,11,58000.0,1,transferencia,confirmado,0.0,1.0,3,2,58000,otro,individual,350,0.0,19333.33,0.357377,0.371795,0.0,0.32646,0.2,0.333333,1.0,0.5,0.357377,2,2,4,0,1,0
159,23,76,PED-20240328-159,2025-03-28,07:30:00,entregado,28000,whatsapp,Pago contra entrega,3,Mar,4,13,13,0,1,0,0,1,7,28000.0,1,nequi,confirmado,0.0,1.0,1,1,28000,whatsapp,empresa,355,0.0,28000.0,0.160656,0.179487,0.0,0.505155,0.0,0.0,0.0,0.678571,0.160656,2,2,3,0,0,2
160,15,77,PED-20240329-160,2025-03-29,09:00:00,entregado,26000,whatsapp,Llamar antes,3,Mar,5,13,13,1,1,0,0,1,9,26000.0,1,efectivo,pendiente,1.0,0.0,1,1,26000,whatsapp,individual,337,0.0,26000.0,0.147541,0.166667,0.0,0.463918,0.0,0.0,0.5,0.035714,0.147541,2,2,2,1,1,2
161,18,77,PED-20240329-161,2025-03-29,07:00:00,entregado,105000,whatsapp,Decorar la caja,3,Mar,5,13,13,1,1,0,0,1,7,105000.0,1,nequi,confirmado,0.0,1.0,3,1,105000,whatsapp,individual,336,0.0,35000.0,0.665574,0.673077,0.0,0.649485,0.2,0.0,0.0,0.0,0.665574,2,2,3,0,1,2
162,17,77,PED-20240329-162,2025-03-29,10:00:00,entregado,156000,whatsapp,Para regalo,3,Mar,5,13,13,1,1,0,0,1,10,156000.0,1,efectivo,confirmado,0.0,0.0,3,1,156000,whatsapp,individual,338,0.0,52000.0,1.0,1.0,0.0,1.0,0.2,0.0,0.75,0.071429,1.0,2,2,2,0,1,2
163,23,78,PED-20240330-163,2025-03-30,09:30:00,entregado,38500,whatsapp,Entregar en portería,3,Mar,6,13,13,1,1,0,0,1,9,38500.0,1,transferencia,pendiente,1.0,1.0,2,2,38500,whatsapp,empresa,355,0.0,19250.0,0.229508,0.246795,0.0,0.324742,0.1,0.333333,0.5,0.678571,0.229508,2,2,4,1,0,2
164,3,78,PED-20240330-164,2025-03-30,10:00:00,desconocido,33000,whatsapp,,3,Mar,6,13,13,1,1,0,0,0,10,33000.0,1,efectivo,confirmado,0.0,0.0,1,1,33000,otro,individual,358,0.0,33000.0,0.193443,0.211538,0.0,0.608247,0.0,0.0,0.75,0.785714,0.193443,1,2,2,0,1,0
165,16,78,PED-20240330-165,2025-03-30,07:00:00,entregado,28000,otro,Decorar la caja,3,Mar,6,13,13,1,1,0,0,1,7,28000.0,1,efectivo,confirmado,0.0,0.0,1,1,28000,otro,individual,355,0.0,28000.0,0.160656,0.179487,0.0,0.505155,0.0,0.0,0.0,0.678571,0.160656,2,1,2,0,1,0
166,11,79,PED-20240401-166,2025-04-01,11:30:00,entregado,68000,whatsapp,Llamar antes,4,Apr,1,14,14,0,2,0,0,1,11,68000.0,1,transferencia,confirmado,0.0,1.0,3,2,68000,whatsapp,individual,336,0.0,22666.67,0.422951,0.435897,0.0,0.395189,0.2,0.333333,1.0,0.0,0.422951,2,2,4,0,1,2
167,19,79,PED-20240401-167,2025-04-01,11:30:00,entregado,31500,whatsapp,,4,Apr,1,14,14,0,2,0,0,1,11,31500.0,1,transferencia,confirmado,0.0,1.0,2,2,31500,whatsapp,individual,337,0.0,15750.0,0.183607,0.201923,0.0,0.252577,0.1,0.333333,1.0,0.035714,0.183607,2,2,4,0,1,2
168,23,80,PED-20240402-168,2025-04-02,10:00:00,entregado,78000,whatsapp,Decorar la caja,4,Apr,2,14,14,0,2,0,0,1,10,78000.0,1,efectivo,pendiente,1.0,0.0,3,1,78000,whatsapp,empresa,355,0.0,26000.0,0.488525,0.5,0.0,0.463918,0.2,0.0,0.75,0.678571,0.488525,2,2,2,1,0,2
169,7,81,PED-20240403-169,2025-04-03,11:30:00,entregado,99000,whatsapp,Con tarjeta feliz cumpleaños,4,Apr,3,14,14,0,2,0,0,1,11,99000.0,1,nequi,pendiente,1.0,1.0,3,1,99000,otro,individual,350,0.0,33000.0,0.62623,0.634615,0.0,0.608247,0.2,0.0,1.0,0.5,0.62623,2,2,3,1,1,0
170,13,81,PED-20240403-170,2025-04-03,08:00:00,entregado,28000,whatsapp,Decorar la caja,4,Apr,3,14,14,0,2,0,0,1,8,28000.0,1,transferencia,confirmado,0.0,1.0,1,1,28000,whatsapp,individual,345,0.0,28000.0,0.160656,0.179487,0.0,0.505155,0.0,0.0,0.25,0.321429,0.160656,2,2,4,0,1,2
171,24,82,PED-20240404-171,2025-04-04,08:30:00,entregado,52000,whatsapp,Entregar en portería,4,Apr,4,14,14,0,2,0,0,1,8,52000.0,1,transferencia,confirmado,0.0,1.0,1,1,52000,whatsapp,empresa,364,0.0,52000.0,0.318033,0.333333,0.0,1.0,0.0,0.0,0.25,1.0,0.318033,2,2,4,0,0,2
172,16,82,PED-20240404-172,2025-04-04,09:00:00,entregado,84000,whatsapp,,4,Apr,4,14,14,0,2,0,0,1,9,84000.0,1,efectivo,confirmado,0.0,0.0,3,1,84000,otro,individual,355,0.0,28000.0,0.527869,0.538462,0.0,0.505155,0.2,0.0,0.5,0.678571,0.527869,2,2,2,0,1,0
173,17,83,PED-20240405-173,2025-04-05,11:30:00,entregado,35000,whatsapp,Con tarjeta feliz cumpleaños,4,Apr,5,14,14,1,2,0,0,1,11,35000.0,1,efectivo,confirmado,0.0,0.0,2,2,35000,whatsapp,individual,338,0.0,17500.0,0.206557,0.224359,0.0,0.28866,0.1,0.333333,1.0,0.071429,0.206557,2,2,2,0,1,2
174,7,83,PED-20240405-174,2025-04-05,10:00:00,entregado,28000,whatsapp,Llamar antes,4,Apr,5,14,14,1,2,0,0,1,10,28000.0,1,nequi,confirmado,0.0,1.0,1,1,28000,otro,individual,350,0.0,28000.0,0.160656,0.179487,0.0,0.505155,0.0,0.0,0.75,0.5,0.160656,2,2,3,0,1,0
175,5,83,PED-20240405-175,2025-04-05,09:30:00,entregado,32000,whatsapp,Entregar en portería,4,Apr,5,14,14,1,2,0,0,1,9,32000.0,1,daviplata,confirmado,0.0,1.0,6,3,32000,whatsapp,individual,349,0.0,5333.33,0.186885,0.205128,0.0,0.037801,0.5,0.666667,0.5,0.464286,0.186885,2,2,0,0,1,2
176,18,84,PED-20240406-176,2025-04-06,07:00:00,entregado,84000,whatsapp,,4,Apr,6,14,14,1,2,0,0,1,7,84000.0,1,transferencia,confirmado,0.0,1.0,3,1,84000,whatsapp,individual,336,0.0,28000.0,0.527869,0.538462,0.0,0.505155,0.2,0.0,0.0,0.0,0.527869,2,2,4,0,1,2
177,7,84,PED-20240406-177,2025-04-06,10:00:00,entregado,25500,otro,,4,Apr,6,14,14,1,2,0,0,1,10,25500.0,1,transferencia,pendiente,1.0,1.0,5,2,25500,otro,individual,350,0.0,5100.0,0.144262,0.163462,0.0,0.03299,0.4,0.333333,0.75,0.5,0.144262,2,1,4,1,1,0
178,7,85,PED-20240408-178,2025-04-08,07:00:00,entregado,99000,whatsapp,,4,Apr,1,15,15,0,2,0,0,1,7,99000.0,1,transferencia,confirmado,0.0,1.0,3,1,99000,otro,individual,350,0.0,33000.0,0.62623,0.634615,0.0,0.608247,0.2,0.0,0.0,0.5,0.62623,2,2,4,0,1,0
179,17,85,PED-20240408-179,2025-04-08,09:00:00,entregado,120000,whatsapp,Pago contra entrega,4,Apr,1,15,15,0,2,0,0,1,9,120000.0,1,nequi,confirmado,0.0,1.0,3,1,120000,whatsapp,individual,338,0.0,40000.0,0.763934,0.769231,0.0,0.752577,0.2,0.0,0.5,0.071429,0.763934,2,2,3,0,1,2
180,22,86,PED-20240409-180,2025-04-09,09:00:00,entregado,33000,whatsapp,Con tarjeta feliz cumpleaños,4,Apr,2,15,15,0,2,0,0,1,9,33000.0,1,nequi,confirmado,0.0,1.0,1,1,33000,otro,empresa,360,0.0,33000.0,0.193443,0.211538,0.0,0.608247,0.0,0.0,0.5,0.857143,0.193443,2,2,3,0,0,0
181,1,86,PED-20240409-181,2025-04-09,08:00:00,entregado,68000,whatsapp,,4,Apr,2,15,15,0,2,0,0,1,8,68000.0,1,transferencia,confirmado,0.0,1.0,3,2,68000,whatsapp,individual,360,0.0,22666.67,0.422951,0.435897,0.0,0.395189,0.2,0.333333,0.25,0.857143,0.422951,2,2,4,0,1,2
182,3,86,PED-20240409-182,2025-04-09,11:30:00,entregado,49000,whatsapp,Pago contra entrega,4,Apr,2,15,15,0,2,0,0,1,11,49000.0,1,nequi,confirmado,0.0,1.0,3,2,49000,otro,individual,358,0.0,16333.33,0.298361,0.314103,0.0,0.264605,0.2,0.333333,1.0,0.785714,0.298361,2,2,3,0,1,0
183,6,87,PED-20240410-183,2025-04-10,11:30:00,entregado,156000,whatsapp,Para regalo,4,Apr,3,15,15,0,2,0,0,1,11,156000.0,1,transferencia,confirmado,0.0,1.0,3,1,156000,presencial,individual,358,0.0,52000.0,1.0,1.0,0.0,1.0,0.2,0.0,1.0,0.785714,1.0,2,2,4,0,1,1
184,12,87,PED-20240410-184,2025-04-10,07:30:00,entregado,46500,whatsapp,Pago contra entrega,4,Apr,3,15,15,0,2,0,0,1,7,46500.0,1,daviplata,confirmado,0.0,1.0,7,3,46500,whatsapp,individual,353,0.0,6642.86,0.281967,0.298077,0.0,0.064801,0.6,0.666667,0.0,0.607143,0.281967,2,2,0,0,1,2
185,17,87,PED-20240410-185,2025-04-10,10:30:00,entregado,84000,whatsapp,Para regalo,4,Apr,3,15,15,0,2,0,0,1,10,84000.0,1,daviplata,confirmado,0.0,1.0,3,1,84000,whatsapp,individual,338,0.0,28000.0,0.527869,0.538462,0.0,0.505155,0.2,0.0,0.75,0.071429,0.527869,2,2,0,0,1,2
186,15,88,PED-20240411-186,2025-04-11,11:30:00,entregado,40000,whatsapp,,4,Apr,4,15,15,0,2,0,0,1,11,40000.0,1,transferencia,confirmado,0.0,1.0,1,1,40000,whatsapp,individual,337,0.0,40000.0,0.239344,0.25641,0.0,0.752577,0.0,0.0,1.0,0.035714,0.239344,2,2,4,0,1,2
187,15,88,PED-20240411-187,2025-04-11,11:30:00,entregado,52000,whatsapp,Con tarjeta feliz cumpleaños,4,Apr,4,15,15,0,2,0,0,1,11,52000.0,1,nequi,rechazado,1.0,1.0,1,1,52000,whatsapp,individual,337,0.0,52000.0,0.318033,0.333333,0.0,1.0,0.0,0.0,1.0,0.035714,0.318033,2,2,3,2,1,2
188,6,89,PED-20240412-188,2025-04-12,09:00:00,entregado,68000,whatsapp,Con tarjeta feliz cumpleaños,4,Apr,5,15,15,1,2,0,0,1,9,68000.0,1,transferencia,confirmado,0.0,1.0,3,2,68000,presencial,individual,358,0.0,22666.67,0.422951,0.435897,0.0,0.395189,0.2,0.333333,0.5,0.785714,0.422951,2,2,4,0,1,1
189,14,90,PED-20240413-189,2025-04-13,08:30:00,desconocido,80000,whatsapp,Decorar la caja,4,Apr,6,15,15,1,2,0,0,0,8,80000.0,1,daviplata,confirmado,0.0,1.0,2,1,80000,whatsapp,individual,359,0.0,40000.0,0.501639,0.512821,0.0,0.752577,0.1,0.0,0.25,0.821429,0.501639,1,2,0,0,1,2
190,13,90,PED-20240413-190,2025-04-13,10:30:00,entregado,24500,whatsapp,,4,Apr,6,15,15,1,2,0,0,1,10,24500.0,1,daviplata,confirmado,0.0,1.0,3,3,24500,whatsapp,individual,345,0.0,8166.67,0.137705,0.157051,0.0,0.09622,0.2,0.666667,0.75,0.321429,0.137705,2,2,0,0,1,2
191,2,91,PED-20240415-191,2025-04-15,07:00:00,entregado,80000,whatsapp,Pago contra entrega,4,Apr,1,16,16,0,2,0,0,1,7,80000.0,1,nequi,confirmado,0.0,1.0,2,1,80000,otro,individual,362,0.0,40000.0,0.501639,0.512821,0.0,0.752577,0.1,0.0,0.0,0.928571,0.501639,2,2,3,0,1,0
192,17,92,PED-20240416-192,2025-04-16,07:00:00,entregado,29500,whatsapp,,4,Apr,2,16,16,0,2,0,0,1,7,29500.0,1,daviplata,confirmado,0.0,1.0,4,3,29500,whatsapp,individual,338,0.0,7375.0,0.170492,0.189103,0.0,0.079897,0.3,0.666667,0.0,0.071429,0.170492,2,2,0,0,1,2
193,19,92,PED-20240416-193,2025-04-16,08:30:00,desconocido,15000,whatsapp,Para regalo,4,Apr,2,16,16,0,2,0,0,0,8,15000.0,1,daviplata,confirmado,0.0,1.0,2,1,15000,whatsapp,individual,337,0.0,7500.0,0.07541,0.096154,0.0,0.082474,0.1,0.0,0.25,0.035714,0.07541,1,2,0,0,1,2
194,13,92,PED-20240416-194,2025-04-16,09:00:00,entregado,32000,whatsapp,Pago contra entrega,4,Apr,2,16,16,0,2,0,0,1,9,32000.0,1,efectivo,confirmado,0.0,0.0,5,3,32000,whatsapp,individual,345,0.0,6400.0,0.186885,0.205128,0.0,0.059794,0.4,0.666667,0.5,0.321429,0.186885,2,2,2,0,1,2
195,15,93,PED-20240417-195,2025-04-17,11:30:00,entregado,84000,whatsapp,Entregar en portería,4,Apr,3,16,16,0,2,1,0,1,11,84000.0,1,efectivo,confirmado,0.0,0.0,3,1,84000,whatsapp,individual,337,0.0,28000.0,0.527869,0.538462,0.0,0.505155,0.2,0.0,1.0,0.035714,0.527869,2,2,2,0,1,2
196,25,94,PED-20240418-196,2025-04-18,07:30:00,entregado,51000,whatsapp,Pago contra entrega,4,Apr,4,16,16,0,2,1,0,1,7,51000.0,1,transferencia,pendiente,1.0,1.0,3,2,51000,whatsapp,empresa,343,0.0,17000.0,0.311475,0.326923,0.0,0.278351,0.2,0.333333,0.0,0.25,0.311475,2,2,4,1,0,2
197,16,94,PED-20240418-197,2025-04-18,08:30:00,desconocido,13000,whatsapp,Con tarjeta feliz cumpleaños,4,Apr,4,16,16,0,2,1,0,0,8,13000.0,1,transferencia,confirmado,0.0,1.0,2,1,13000,otro,individual,355,0.0,6500.0,0.062295,0.083333,0.0,0.061856,0.1,0.0,0.25,0.678571,0.062295,1,2,4,0,1,0
198,18,94,PED-20240418-198,2025-04-18,08:00:00,entregado,47500,whatsapp,Pago contra entrega,4,Apr,4,16,16,0,2,1,0,1,8,47500.0,1,nequi,pendiente,1.0,1.0,2,2,47500,whatsapp,individual,336,0.0,23750.0,0.288525,0.304487,0.0,0.417526,0.1,0.333333,0.25,0.0,0.288525,2,2,3,1,1,2
199,17,95,PED-20240419-199,2025-04-19,09:00:00,entregado,28000,whatsapp,Decorar la caja,4,Apr,5,16,16,1,2,0,0,1,9,28000.0,1,nequi,rechazado,1.0,1.0,1,1,28000,whatsapp,individual,338,0.0,28000.0,0.160656,0.179487,0.0,0.505155,0.0,0.0,0.5,0.071429,0.160656,2,2,3,2,1,2
200,2,95,PED-20240419-200,2025-04-19,09:30:00,entregado,70000,whatsapp,Con tarjeta feliz cumpleaños,4,Apr,5,16,16,1,2,0,0,1,9,70000.0,1,efectivo,confirmado,0.0,0.0,2,1,70000,otro,individual,362,0.0,35000.0,0.436066,0.448718,0.0,0.649485,0.1,0.0,0.5,0.928571,0.436066,2,2,2,0,1,0
201,19,96,PED-20240420-201,2025-04-20,08:30:00,entregado,80000,whatsapp,Con tarjeta feliz cumpleaños,4,Apr,6,16,16,1,2,0,0,1,8,80000.0,1,nequi,confirmado,0.0,1.0,2,1,80000,whatsapp,individual,337,0.0,40000.0,0.501639,0.512821,0.0,0.752577,0.1,0.0,0.25,0.035714,0.501639,2,2,3,0,1,2
202,21,96,PED-20240420-202,2025-04-20,09:30:00,entregado,56000,whatsapp,Entregar en portería,4,Apr,6,16,16,1,2,0,0,1,9,56000.0,1,efectivo,confirmado,0.0,0.0,2,1,56000,presencial,empresa,351,0.0,28000.0,0.344262,0.358974,0.0,0.505155,0.1,0.0,0.5,0.535714,0.344262,2,2,2,0,0,1
203,7,96,PED-20240420-203,2025-04-20,10:00:00,entregado,33000,whatsapp,Llamar antes,4,Apr,6,16,16,1,2,0,0,1,10,33000.0,1,nequi,confirmado,0.0,1.0,1,1,33000,otro,individual,350,0.0,33000.0,0.193443,0.211538,0.0,0.608247,0.0,0.0,0.75,0.5,0.193443,2,2,3,0,1,0
204,5,96,PED-20240420-204,2025-04-20,10:00:00,entregado,28500,otro,Pago contra entrega,4,Apr,6,16,16,1,2,0,0,1,10,28500.0,1,efectivo,confirmado,0.0,0.0,5,2,28500,whatsapp,individual,349,0.0,5700.0,0.163934,0.182692,0.0,0.045361,0.4,0.333333,0.75,0.464286,0.163934,2,1,2,0,1,2
205,15,97,PED-20240422-205,2025-04-22,10:30:00,entregado,40000,otro,Con tarjeta feliz cumpleaños,4,Apr,1,17,17,0,2,0,0,1,10,40000.0,1,transferencia,pendiente,1.0,1.0,1,1,40000,whatsapp,individual,337,0.0,40000.0,0.239344,0.25641,0.0,0.752577,0.0,0.0,0.75,0.035714,0.239344,2,1,4,1,1,2
206,20,97,PED-20240422-206,2025-04-22,07:00:00,entregado,49500,whatsapp,Decorar la caja,4,Apr,1,17,17,0,2,0,0,1,7,49500.0,1,efectivo,confirmado,0.0,0.0,6,4,49500,whatsapp,individual,340,0.0,8250.0,0.301639,0.317308,0.0,0.097938,0.5,1.0,0.0,0.142857,0.301639,2,2,2,0,1,2
207,8,98,PED-20240423-207,2025-04-23,07:30:00,entregado,60500,whatsapp,Con tarjeta feliz cumpleaños,4,Apr,2,17,17,0,2,0,0,1,7,60500.0,1,transferencia,confirmado,0.0,1.0,2,2,60500,presencial,individual,345,0.0,30250.0,0.37377,0.387821,0.0,0.551546,0.1,0.333333,0.0,0.321429,0.37377,2,2,4,0,1,1
208,25,98,PED-20240423-208,2025-04-23,08:30:00,entregado,52000,whatsapp,Pago contra entrega,4,Apr,2,17,17,0,2,0,0,1,8,52000.0,1,transferencia,confirmado,0.0,1.0,1,1,52000,whatsapp,empresa,343,0.0,52000.0,0.318033,0.333333,0.0,1.0,0.0,0.0,0.25,0.25,0.318033,2,2,4,0,0,2
209,11,99,PED-20240424-209,2025-04-24,09:30:00,entregado,105000,whatsapp,,4,Apr,3,17,17,0,2,0,0,1,9,105000.0,1,transferencia,confirmado,0.0,1.0,3,1,105000,whatsapp,individual,336,0.0,35000.0,0.665574,0.673077,0.0,0.649485,0.2,0.0,0.5,0.0,0.665574,2,2,4,0,1,2
210,7,99,PED-20240424-210,2025-04-24,11:00:00,entregado,28000,whatsapp,Pago contra entrega,4,Apr,3,17,17,0,2,0,0,1,11,28000.0,1,nequi,confirmado,0.0,1.0,1,1,28000,otro,individual,350,0.0,28000.0,0.160656,0.179487,0.0,0.505155,0.0,0.0,1.0,0.5,0.160656,2,2,3,0,1,0
211,14,99,PED-20240424-211,2025-04-24,09:00:00,entregado,84000,whatsapp,Llamar antes,4,Apr,3,17,17,0,2,0,0,1,9,84000.0,1,nequi,confirmado,0.0,1.0,3,1,84000,whatsapp,individual,359,0.0,28000.0,0.527869,0.538462,0.0,0.505155,0.2,0.0,0.5,0.821429,0.527869,2,2,3,0,1,2
212,24,100,PED-20240425-212,2025-04-25,09:00:00,entregado,156000,whatsapp,Para regalo,4,Apr,4,17,17,0,2,0,0,1,9,156000.0,1,nequi,confirmado,0.0,1.0,3,1,156000,whatsapp,empresa,364,0.0,52000.0,1.0,1.0,0.0,1.0,0.2,0.0,0.5,1.0,1.0,2,2,3,0,0,2
213,5,100,PED-20240425-213,2025-04-25,11:00:00,entregado,19500,whatsapp,Para regalo,4,Apr,4,17,17,0,2,0,0,1,11,19500.0,1,nequi,confirmado,0.0,1.0,4,2,19500,whatsapp,individual,349,0.0,4875.0,0.104918,0.125,0.0,0.028351,0.3,0.333333,1.0,0.464286,0.104918,2,2,3,0,1,2
214,15,101,PED-20240426-214,2025-04-26,10:00:00,entregado,52000,whatsapp,Para regalo,4,Apr,5,17,17,1,2,0,0,1,10,52000.0,1,daviplata,confirmado,0.0,1.0,2,1,52000,whatsapp,individual,337,0.0,26000.0,0.318033,0.333333,0.0,0.463918,0.1,0.0,0.75,0.035714,0.318033,2,2,0,0,1,2
215,11,102,PED-20240427-215,2025-04-27,08:00:00,entregado,60000,whatsapp,Pago contra entrega,4,Apr,6,17,17,1,2,0,0,1,8,60000.0,1,transferencia,confirmado,0.0,1.0,9,4,60000,whatsapp,individual,336,0.0,6666.67,0.370492,0.384615,0.0,0.065292,0.8,1.0,0.25,0.0,0.370492,2,2,4,0,1,2
216,22,102,PED-20240427-216,2025-04-27,07:30:00,entregado,37000,whatsapp,Llamar antes,4,Apr,6,17,17,1,2,0,0,1,7,37000.0,1,transferencia,confirmado,0.0,1.0,2,2,37000,otro,empresa,360,0.0,18500.0,0.219672,0.237179,0.0,0.309278,0.1,0.333333,0.0,0.857143,0.219672,2,2,4,0,0,0
217,4,103,PED-20240429-217,2025-04-29,09:30:00,entregado,39500,whatsapp,,4,Apr,1,18,18,0,2,0,0,1,9,39500.0,1,efectivo,confirmado,0.0,0.0,5,2,39500,whatsapp,individual,337,0.0,7900.0,0.236066,0.253205,0.0,0.090722,0.4,0.333333,0.5,0.035714,0.236066,2,2,2,0,1,2
218,13,103,PED-20240429-218,2025-04-29,07:00:00,desconocido,35000,whatsapp,,4,Apr,1,18,18,0,2,0,0,0,7,35000.0,1,efectivo,confirmado,0.0,0.0,1,1,35000,whatsapp,individual,345,0.0,35000.0,0.206557,0.224359,0.0,0.649485,0.0,0.0,0.0,0.321429,0.206557,1,2,2,0,1,2
219,12,104,PED-20240430-219,2025-04-30,07:30:00,entregado,78000,whatsapp,Llamar antes,4,Apr,2,18,18,0,2,0,0,1,7,78000.0,1,transferencia,confirmado,0.0,1.0,3,1,78000,whatsapp,individual,353,0.0,26000.0,0.488525,0.5,0.0,0.463918,0.2,0.0,0.0,0.607143,0.488525,2,2,4,0,1,2
220,23,104,PED-20240430-220,2025-04-30,07:30:00,entregado,99000,whatsapp,Para regalo,4,Apr,2,18,18,0,2,0,0,1,7,99000.0,1,transferencia,pendiente,1.0,1.0,3,1,99000,whatsapp,empresa,355,0.0,33000.0,0.62623,0.634615,0.0,0.608247,0.2,0.0,0.0,0.678571,0.62623,2,2,4,1,0,2
221,24,104,PED-20240430-221,2025-04-30,09:00:00,desconocido,51000,whatsapp,,4,Apr,2,18,18,0,2,0,0,0,9,51000.0,1,transferencia,confirmado,0.0,1.0,3,2,51000,whatsapp,empresa,364,0.0,17000.0,0.311475,0.326923,0.0,0.278351,0.2,0.333333,0.5,1.0,0.311475,1,2,4,0,0,2
222,1,105,PED-20240501-222,2025-05-01,11:30:00,entregado,35000,otro,Para regalo,5,May,3,18,18,0,2,0,0,1,11,35000.0,1,nequi,confirmado,0.0,1.0,1,1,35000,whatsapp,individual,360,0.0,35000.0,0.206557,0.224359,0.0,0.649485,0.0,0.0,1.0,0.857143,0.206557,2,1,3,0,1,2
223,16,105,PED-20240501-223,2025-05-01,08:30:00,entregado,40000,whatsapp,Entregar en portería,5,May,3,18,18,0,2,0,0,1,8,40000.0,1,transferencia,rechazado,1.0,1.0,1,1,40000,otro,individual,355,0.0,40000.0,0.239344,0.25641,0.0,0.752577,0.0,0.0,0.25,0.678571,0.239344,2,2,4,2,1,0
224,2,105,PED-20240501-224,2025-05-01,11:00:00,entregado,40000,whatsapp,Llamar antes,5,May,3,18,18,0,2,0,0,1,11,40000.0,1,transferencia,confirmado,0.0,1.0,3,2,40000,otro,individual,362,0.0,13333.33,0.239344,0.25641,0.0,0.202749,0.2,0.333333,1.0,0.928571,0.239344,2,2,4,0,1,0
225,1,105,PED-20240501-225,2025-05-01,08:30:00,entregado,44500,whatsapp,Decorar la caja,5,May,3,18,18,0,2,0,0,1,8,44500.0,1,efectivo,confirmado,0.0,0.0,6,3,44500,whatsapp,individual,360,0.0,7416.67,0.268852,0.285256,0.0,0.080756,0.5,0.666667,0.25,0.857143,0.268852,2,2,2,0,1,2
226,1,105,PED-20240501-226,2025-05-01,10:30:00,entregado,56000,whatsapp,Llamar antes,5,May,3,18,18,0,2,0,0,1,10,56000.0,1,transferencia,confirmado,0.0,1.0,2,1,56000,whatsapp,individual,360,0.0,28000.0,0.344262,0.358974,0.0,0.505155,0.1,0.0,0.75,0.857143,0.344262,2,2,4,0,1,2
227,20,106,PED-20240502-227,2025-05-02,08:00:00,entregado,84000,whatsapp,,5,May,4,18,18,0,2,0,0,1,8,84000.0,1,nequi,confirmado,0.0,1.0,3,1,84000,whatsapp,individual,340,0.0,28000.0,0.527869,0.538462,0.0,0.505155,0.2,0.0,0.25,0.142857,0.527869,2,2,3,0,1,2
228,12,106,PED-20240502-228,2025-05-02,10:00:00,entregado,28500,whatsapp,Con tarjeta feliz cumpleaños,5,May,4,18,18,0,2,0,0,1,10,28500.0,1,transferencia,confirmado,0.0,1.0,5,3,28500,whatsapp,individual,353,0.0,5700.0,0.163934,0.182692,0.0,0.045361,0.4,0.666667,0.75,0.607143,0.163934,2,2,4,0,1,2
229,9,106,PED-20240502-229,2025-05-02,10:00:00,entregado,99000,whatsapp,Decorar la caja,5,May,4,18,18,0,2,0,0,1,10,99000.0,1,daviplata,pendiente,1.0,1.0,3,1,99000,whatsapp,individual,349,0.0,33000.0,0.62623,0.634615,0.0,0.608247,0.2,0.0,0.75,0.464286,0.62623,2,2,0,1,1,2
230,23,106,PED-20240502-230,2025-05-02,10:00:00,entregado,56000,whatsapp,Llamar antes,5,May,4,18,18,0,2,0,0,1,10,56000.0,1,transferencia,confirmado,0.0,1.0,2,1,56000,whatsapp,empresa,355,0.0,28000.0,0.344262,0.358974,0.0,0.505155,0.1,0.0,0.75,0.678571,0.344262,2,2,4,0,0,2
231,10,106,PED-20240502-231,2025-05-02,11:00:00,entregado,58000,whatsapp,,5,May,4,18,18,0,2,0,0,1,11,58000.0,1,daviplata,confirmado,0.0,1.0,7,4,58000,whatsapp,individual,345,0.0,8285.71,0.357377,0.371795,0.0,0.098674,0.6,1.0,1.0,0.321429,0.357377,2,2,0,0,1,2
232,18,107,PED-20240503-232,2025-05-03,09:30:00,entregado,56000,manual,Con tarjeta feliz cumpleaños,5,May,5,18,18,1,2,0,0,1,9,56000.0,1,nequi,confirmado,0.0,1.0,2,1,56000,whatsapp,individual,336,0.0,28000.0,0.344262,0.358974,0.0,0.505155,0.1,0.0,0.5,0.0,0.344262,2,0,3,0,1,2
233,6,107,PED-20240503-233,2025-05-03,07:00:00,entregado,37500,whatsapp,Con tarjeta feliz cumpleaños,5,May,5,18,18,1,2,0,0,1,7,37500.0,1,daviplata,confirmado,0.0,1.0,2,2,37500,presencial,individual,358,0.0,18750.0,0.222951,0.240385,0.0,0.314433,0.1,0.333333,0.0,0.785714,0.222951,2,2,0,0,1,1
234,16,107,PED-20240503-234,2025-05-03,09:30:00,entregado,28000,otro,Pago contra entrega,5,May,5,18,18,1,2,0,0,1,9,28000.0,1,transferencia,confirmado,0.0,1.0,1,1,28000,otro,individual,355,0.0,28000.0,0.160656,0.179487,0.0,0.505155,0.0,0.0,0.5,0.678571,0.160656,2,1,4,0,1,0
235,16,107,PED-20240503-235,2025-05-03,09:00:00,entregado,43000,whatsapp,Pago contra entrega,5,May,5,18,18,1,2,0,0,1,9,43000.0,1,nequi,confirmado,0.0,1.0,3,2,43000,otro,individual,355,0.0,14333.33,0.259016,0.275641,0.0,0.223368,0.2,0.333333,0.5,0.678571,0.259016,2,2,3,0,1,0
236,17,108,PED-20240504-236,2025-05-04,09:30:00,entregado,33000,whatsapp,Decorar la caja,5,May,6,18,18,1,2,0,0,1,9,33000.0,1,efectivo,pendiente,1.0,0.0,1,1,33000,whatsapp,individual,338,0.0,33000.0,0.193443,0.211538,0.0,0.608247,0.0,0.0,0.5,0.071429,0.193443,2,2,2,1,1,2
237,10,108,PED-20240504-237,2025-05-04,10:30:00,entregado,80000,whatsapp,,5,May,6,18,18,1,2,0,0,1,10,80000.0,1,transferencia,confirmado,0.0,1.0,2,1,80000,whatsapp,individual,345,0.0,40000.0,0.501639,0.512821,0.0,0.752577,0.1,0.0,0.75,0.321429,0.501639,2,2,4,0,1,2
238,15,108,PED-20240504-238,2025-05-04,11:30:00,entregado,35000,whatsapp,Decorar la caja,5,May,6,18,18,1,2,0,0,1,11,35000.0,1,nequi,confirmado,0.0,1.0,1,1,35000,whatsapp,individual,337,0.0,35000.0,0.206557,0.224359,0.0,0.649485,0.0,0.0,1.0,0.035714,0.206557,2,2,3,0,1,2
239,25,108,PED-20240504-239,2025-05-04,07:00:00,entregado,35000,whatsapp,Llamar antes,5,May,6,18,18,1,2,0,0,1,7,35000.0,1,transferencia,confirmado,0.0,1.0,1,1,35000,whatsapp,empresa,343,0.0,35000.0,0.206557,0.224359,0.0,0.649485,0.0,0.0,0.0,0.25,0.206557,2,2,4,0,0,2
240,12,108,PED-20240504-240,2025-05-04,09:00:00,entregado,28000,whatsapp,Llamar antes,5,May,6,18,18,1,2,0,0,1,9,28000.0,1,transferencia,confirmado,0.0,1.0,1,1,28000,whatsapp,individual,353,0.0,28000.0,0.160656,0.179487,0.0,0.505155,0.0,0.0,0.5,0.607143,0.160656,2,2,4,0,1,2
241,18,109,PED-20240506-241,2025-05-06,10:00:00,entregado,69500,whatsapp,,5,May,1,19,19,0,2,0,0,1,10,69500.0,1,transferencia,confirmado,0.0,1.0,9,4,69500,whatsapp,individual,336,0.0,7722.22,0.432787,0.445513,0.0,0.087056,0.8,1.0,0.75,0.0,0.432787,2,2,4,0,1,2
242,6,109,PED-20240506-242,2025-05-06,07:30:00,entregado,33000,whatsapp,Con tarjeta feliz cumpleaños,5,May,1,19,19,0,2,0,0,1,7,33000.0,1,nequi,confirmado,0.0,1.0,1,1,33000,presencial,individual,358,0.0,33000.0,0.193443,0.211538,0.0,0.608247,0.0,0.0,0.0,0.785714,0.193443,2,2,3,0,1,1
243,11,109,PED-20240506-243,2025-05-06,07:30:00,entregado,39000,whatsapp,Para regalo,5,May,1,19,19,0,2,0,0,1,7,39000.0,1,efectivo,confirmado,0.0,0.0,3,2,39000,whatsapp,individual,336,0.0,13000.0,0.232787,0.25,0.0,0.195876,0.2,0.333333,0.0,0.0,0.232787,2,2,2,0,1,2
244,6,109,PED-20240506-244,2025-05-06,09:00:00,entregado,84000,whatsapp,Pago contra entrega,5,May,1,19,19,0,2,0,0,1,9,84000.0,1,transferencia,confirmado,0.0,1.0,3,1,84000,presencial,individual,358,0.0,28000.0,0.527869,0.538462,0.0,0.505155,0.2,0.0,0.5,0.785714,0.527869,2,2,4,0,1,1
245,19,109,PED-20240506-245,2025-05-06,09:30:00,entregado,105000,whatsapp,Decorar la caja,5,May,1,19,19,0,2,0,0,1,9,105000.0,1,nequi,confirmado,0.0,1.0,3,1,105000,whatsapp,individual,337,0.0,35000.0,0.665574,0.673077,0.0,0.649485,0.2,0.0,0.5,0.035714,0.665574,2,2,3,0,1,2
246,23,109,PED-20240506-246,2025-05-06,08:00:00,entregado,7500,whatsapp,Decorar la caja,5,May,1,19,19,0,2,0,0,1,8,7500.0,1,efectivo,confirmado,0.0,0.0,1,1,7500,whatsapp,empresa,355,0.0,7500.0,0.02623,0.048077,0.0,0.082474,0.0,0.0,0.25,0.678571,0.02623,2,2,2,0,0,2
247,6,110,PED-20240507-247,2025-05-07,11:00:00,entregado,28000,whatsapp,,5,May,2,19,19,0,2,0,0,1,11,28000.0,1,nequi,pendiente,1.0,1.0,1,1,28000,presencial,individual,358,0.0,28000.0,0.160656,0.179487,0.0,0.505155,0.0,0.0,1.0,0.785714,0.160656,2,2,3,1,1,1
248,21,110,PED-20240507-248,2025-05-07,07:00:00,entregado,52000,manual,Pago contra entrega,5,May,2,19,19,0,2,0,0,1,7,52000.0,1,transferencia,confirmado,0.0,1.0,1,1,52000,presencial,empresa,351,0.0,52000.0,0.318033,0.333333,0.0,1.0,0.0,0.0,0.0,0.535714,0.318033,2,0,4,0,0,1
249,9,110,PED-20240507-249,2025-05-07,07:30:00,entregado,39500,whatsapp,,5,May,2,19,19,0,2,0,0,1,7,39500.0,1,transferencia,confirmado,0.0,1.0,5,4,39500,whatsapp,individual,349,0.0,7900.0,0.236066,0.253205,0.0,0.090722,0.4,1.0,0.0,0.464286,0.236066,2,2,4,0,1,2
250,12,110,PED-20240507-250,2025-05-07,11:30:00,entregado,32000,manual,Pago contra entrega,5,May,2,19,19,0,2,0,0,1,11,32000.0,1,nequi,confirmado,0.0,1.0,4,2,32000,whatsapp,individual,353,0.0,8000.0,0.186885,0.205128,0.0,0.092784,0.3,0.333333,1.0,0.607143,0.186885,2,0,3,0,1,2
251,11,110,PED-20240507-251,2025-05-07,09:30:00,entregado,84000,whatsapp,Pago contra entrega,5,May,2,19,19,0,2,0,0,1,9,84000.0,1,transferencia,confirmado,0.0,1.0,3,1,84000,whatsapp,individual,336,0.0,28000.0,0.527869,0.538462,0.0,0.505155,0.2,0.0,0.5,0.0,0.527869,2,2,4,0,1,2
252,12,110,PED-20240507-252,2025-05-07,09:00:00,entregado,80000,whatsapp,Llamar antes,5,May,2,19,19,0,2,0,0,1,9,80000.0,1,nequi,confirmado,0.0,1.0,2,1,80000,whatsapp,individual,353,0.0,40000.0,0.501639,0.512821,0.0,0.752577,0.1,0.0,0.5,0.607143,0.501639,2,2,3,0,1,2
253,16,110,PED-20240507-253,2025-05-07,11:30:00,desconocido,41000,whatsapp,Llamar antes,5,May,2,19,19,0,2,0,0,0,11,41000.0,1,efectivo,confirmado,0.0,0.0,3,2,41000,otro,individual,355,0.0,13666.67,0.245902,0.262821,0.0,0.209622,0.2,0.333333,1.0,0.678571,0.245902,1,2,2,0,1,0
254,16,111,PED-20240508-254,2025-05-08,10:00:00,entregado,84000,whatsapp,Para regalo,5,May,3,19,19,0,2,0,0,1,10,84000.0,1,nequi,confirmado,0.0,1.0,3,1,84000,otro,individual,355,0.0,28000.0,0.527869,0.538462,0.0,0.505155,0.2,0.0,0.75,0.678571,0.527869,2,2,3,0,1,0
255,18,111,PED-20240508-255,2025-05-08,11:00:00,entregado,80000,whatsapp,,5,May,3,19,19,0,2,0,0,1,11,80000.0,1,nequi,confirmado,0.0,1.0,2,1,80000,whatsapp,individual,336,0.0,40000.0,0.501639,0.512821,0.0,0.752577,0.1,0.0,1.0,0.0,0.501639,2,2,3,0,1,2
256,7,111,PED-20240508-256,2025-05-08,08:30:00,entregado,84000,whatsapp,Pago contra entrega,5,May,3,19,19,0,2,0,0,1,8,84000.0,1,nequi,confirmado,0.0,1.0,3,1,84000,otro,individual,350,0.0,28000.0,0.527869,0.538462,0.0,0.505155,0.2,0.0,0.25,0.5,0.527869,2,2,3,0,1,0
257,22,111,PED-20240508-257,2025-05-08,11:30:00,entregado,42000,whatsapp,Pago contra entrega,5,May,3,19,19,0,2,0,0,1,11,42000.0,1,transferencia,confirmado,0.0,1.0,5,2,42000,otro,empresa,360,0.0,8400.0,0.252459,0.269231,0.0,0.101031,0.4,0.333333,1.0,0.857143,0.252459,2,2,4,0,0,0
258,17,111,PED-20240508-258,2025-05-08,09:30:00,entregado,80000,whatsapp,Entregar en portería,5,May,3,19,19,0,2,0,0,1,9,80000.0,1,efectivo,confirmado,0.0,0.0,2,1,80000,whatsapp,individual,338,0.0,40000.0,0.501639,0.512821,0.0,0.752577,0.1,0.0,0.5,0.071429,0.501639,2,2,2,0,1,2
259,20,111,PED-20240508-259,2025-05-08,07:30:00,entregado,33000,whatsapp,,5,May,3,19,19,0,2,0,0,1,7,33000.0,1,transferencia,confirmado,0.0,1.0,4,2,33000,whatsapp,individual,340,0.0,8250.0,0.193443,0.211538,0.0,0.097938,0.3,0.333333,0.0,0.142857,0.193443,2,2,4,0,1,2
260,3,111,PED-20240508-260,2025-05-08,07:30:00,entregado,18000,whatsapp,Decorar la caja,5,May,3,19,19,0,2,0,0,1,7,18000.0,1,efectivo,confirmado,0.0,0.0,2,1,18000,otro,individual,358,0.0,9000.0,0.095082,0.115385,0.0,0.113402,0.1,0.0,0.0,0.785714,0.095082,2,2,2,0,1,0
261,24,111,PED-20240508-261,2025-05-08,10:00:00,entregado,44500,manual,Para regalo,5,May,3,19,19,0,2,0,0,1,10,44500.0,1,nequi,confirmado,0.0,1.0,7,3,44500,whatsapp,empresa,364,0.0,6357.14,0.268852,0.285256,0.0,0.05891,0.6,0.666667,0.75,1.0,0.268852,2,0,3,0,0,2
262,23,111,PED-20240508-262,2025-05-08,09:00:00,entregado,84000,otro,Con tarjeta feliz cumpleaños,5,May,3,19,19,0,2,0,0,1,9,84000.0,1,nequi,confirmado,0.0,1.0,3,1,84000,whatsapp,empresa,355,0.0,28000.0,0.527869,0.538462,0.0,0.505155,0.2,0.0,0.5,0.678571,0.527869,2,1,3,0,0,2
263,11,112,PED-20240509-263,2025-05-09,09:00:00,entregado,46000,whatsapp,Decorar la caja,5,May,4,19,19,0,2,0,0,1,9,46000.0,1,nequi,confirmado,0.0,1.0,3,2,46000,whatsapp,individual,336,0.0,15333.33,0.278689,0.294872,0.0,0.243986,0.2,0.333333,0.5,0.0,0.278689,2,2,3,0,1,2
264,1,112,PED-20240509-264,2025-05-09,09:00:00,entregado,66000,whatsapp,,5,May,4,19,19,0,2,0,0,1,9,66000.0,1,daviplata,confirmado,0.0,1.0,2,1,66000,whatsapp,individual,360,0.0,33000.0,0.409836,0.423077,0.0,0.608247,0.1,0.0,0.5,0.857143,0.409836,2,2,0,0,1,2
265,4,112,PED-20240509-265,2025-05-09,09:00:00,entregado,48000,whatsapp,Decorar la caja,5,May,4,19,19,0,2,0,0,1,9,48000.0,1,transferencia,confirmado,0.0,1.0,6,3,48000,whatsapp,individual,337,0.0,8000.0,0.291803,0.307692,0.0,0.092784,0.5,0.666667,0.5,0.035714,0.291803,2,2,4,0,1,2
266,16,112,PED-20240509-266,2025-05-09,09:00:00,entregado,52000,whatsapp,Con tarjeta feliz cumpleaños,5,May,4,19,19,0,2,0,0,1,9,52000.0,1,nequi,confirmado,0.0,1.0,2,1,52000,otro,individual,355,0.0,26000.0,0.318033,0.333333,0.0,0.463918,0.1,0.0,0.5,0.678571,0.318033,2,2,3,0,1,0
267,9,112,PED-20240509-267,2025-05-09,09:00:00,desconocido,52000,whatsapp,Pago contra entrega,5,May,4,19,19,0,2,0,0,0,9,52000.0,1,nequi,confirmado,0.0,1.0,1,1,52000,whatsapp,individual,349,0.0,52000.0,0.318033,0.333333,0.0,1.0,0.0,0.0,0.5,0.464286,0.318033,1,2,3,0,1,2
268,11,112,PED-20240509-268,2025-05-09,10:00:00,entregado,52000,whatsapp,,5,May,4,19,19,0,2,0,0,1,10,52000.0,1,transferencia,confirmado,0.0,1.0,2,1,52000,whatsapp,individual,336,0.0,26000.0,0.318033,0.333333,0.0,0.463918,0.1,0.0,0.75,0.0,0.318033,2,2,4,0,1,2
269,12,112,PED-20240509-269,2025-05-09,08:00:00,cancelado,7500,manual,Entregar en portería,5,May,4,19,19,0,2,0,1,0,8,0.0,0,desconocido,sin_pago,0.0,0.0,1,1,7500,whatsapp,individual,353,7500.0,7500.0,0.02623,0.0,0.0625,0.082474,0.0,0.0,0.25,0.607143,0.02623,0,0,1,3,1,2
270,15,113,PED-20240510-270,2025-05-10,08:30:00,entregado,55500,whatsapp,Entregar en portería,5,May,5,19,19,1,2,0,0,1,8,55500.0,1,nequi,rechazado,1.0,1.0,2,2,55500,whatsapp,individual,337,0.0,27750.0,0.340984,0.355769,0.0,0.5,0.1,0.333333,0.25,0.035714,0.340984,2,2,3,2,1,2
271,24,113,PED-20240510-271,2025-05-10,09:00:00,entregado,80000,whatsapp,,5,May,5,19,19,1,2,0,0,1,9,80000.0,1,daviplata,confirmado,0.0,1.0,2,1,80000,whatsapp,empresa,364,0.0,40000.0,0.501639,0.512821,0.0,0.752577,0.1,0.0,0.5,1.0,0.501639,2,2,0,0,0,2
272,20,113,PED-20240510-272,2025-05-10,09:00:00,entregado,35500,whatsapp,Con tarjeta feliz cumpleaños,5,May,5,19,19,1,2,0,0,1,9,35500.0,1,efectivo,confirmado,0.0,0.0,5,2,35500,whatsapp,individual,340,0.0,7100.0,0.209836,0.227564,0.0,0.074227,0.4,0.333333,0.5,0.142857,0.209836,2,2,2,0,1,2
273,23,113,PED-20240510-273,2025-05-10,11:00:00,entregado,50000,whatsapp,Entregar en portería,5,May,5,19,19,1,2,0,0,1,11,50000.0,1,nequi,confirmado,0.0,1.0,3,2,50000,whatsapp,empresa,355,0.0,16666.67,0.304918,0.320513,0.0,0.271478,0.2,0.333333,1.0,0.678571,0.304918,2,2,3,0,0,2
274,1,113,PED-20240510-274,2025-05-10,11:00:00,entregado,28000,whatsapp,Para regalo,5,May,5,19,19,1,2,0,0,1,11,28000.0,1,transferencia,confirmado,0.0,1.0,1,1,28000,whatsapp,individual,360,0.0,28000.0,0.160656,0.179487,0.0,0.505155,0.0,0.0,1.0,0.857143,0.160656,2,2,4,0,1,2
275,4,113,PED-20240510-275,2025-05-10,09:00:00,entregado,35000,whatsapp,Para regalo,5,May,5,19,19,1,2,0,0,1,9,35000.0,1,transferencia,confirmado,0.0,1.0,1,1,35000,whatsapp,individual,337,0.0,35000.0,0.206557,0.224359,0.0,0.649485,0.0,0.0,0.5,0.035714,0.206557,2,2,4,0,1,2
276,24,113,PED-20240510-276,2025-05-10,11:00:00,entregado,44000,whatsapp,Con tarjeta feliz cumpleaños,5,May,5,19,19,1,2,0,0,1,11,44000.0,1,transferencia,pendiente,1.0,1.0,3,2,44000,whatsapp,empresa,364,0.0,14666.67,0.265574,0.282051,0.0,0.230241,0.2,0.333333,1.0,1.0,0.265574,2,2,4,1,0,2
277,1,113,PED-20240510-277,2025-05-10,07:30:00,entregado,43000,whatsapp,Entregar en portería,5,May,5,19,19,1,2,0,0,1,7,43000.0,1,transferencia,confirmado,0.0,1.0,2,2,43000,whatsapp,individual,360,0.0,21500.0,0.259016,0.275641,0.0,0.371134,0.1,0.333333,0.0,0.857143,0.259016,2,2,4,0,1,2
278,23,113,PED-20240510-278,2025-05-10,11:00:00,entregado,56000,whatsapp,Para regalo,5,May,5,19,19,1,2,0,0,1,11,56000.0,1,transferencia,pendiente,1.0,1.0,2,1,56000,whatsapp,empresa,355,0.0,28000.0,0.344262,0.358974,0.0,0.505155,0.1,0.0,1.0,0.678571,0.344262,2,2,4,1,0,2
279,17,113,PED-20240510-279,2025-05-10,11:30:00,entregado,66000,whatsapp,,5,May,5,19,19,1,2,0,0,1,11,66000.0,1,transferencia,confirmado,0.0,1.0,2,1,66000,whatsapp,individual,338,0.0,33000.0,0.409836,0.423077,0.0,0.608247,0.1,0.0,1.0,0.071429,0.409836,2,2,4,0,1,2
280,16,114,PED-20240511-280,2025-05-11,08:00:00,entregado,28500,whatsapp,Para regalo,5,May,6,19,19,1,2,1,0,1,8,28500.0,1,nequi,confirmado,0.0,1.0,4,2,28500,otro,individual,355,0.0,7125.0,0.163934,0.182692,0.0,0.074742,0.3,0.333333,0.25,0.678571,0.163934,2,2,3,0,1,0
281,16,114,PED-20240511-281,2025-05-11,11:00:00,entregado,84000,whatsapp,,5,May,6,19,19,1,2,1,0,1,11,84000.0,1,nequi,confirmado,0.0,1.0,3,1,84000,otro,individual,355,0.0,28000.0,0.527869,0.538462,0.0,0.505155,0.2,0.0,1.0,0.678571,0.527869,2,2,3,0,1,0
282,17,114,PED-20240511-282,2025-05-11,08:00:00,entregado,28000,whatsapp,Con tarjeta feliz cumpleaños,5,May,6,19,19,1,2,1,0,1,8,28000.0,1,daviplata,confirmado,0.0,1.0,1,1,28000,whatsapp,individual,338,0.0,28000.0,0.160656,0.179487,0.0,0.505155,0.0,0.0,0.25,0.071429,0.160656,2,2,0,0,1,2
283,7,114,PED-20240511-283,2025-05-11,10:30:00,entregado,28000,whatsapp,,5,May,6,19,19,1,2,1,0,1,10,28000.0,1,efectivo,confirmado,0.0,0.0,1,1,28000,otro,individual,350,0.0,28000.0,0.160656,0.179487,0.0,0.505155,0.0,0.0,0.75,0.5,0.160656,2,2,2,0,1,0
284,10,114,PED-20240511-284,2025-05-11,08:30:00,desconocido,24500,whatsapp,Pago contra entrega,5,May,6,19,19,1,2,1,0,0,8,24500.0,1,nequi,confirmado,0.0,1.0,3,2,24500,whatsapp,individual,345,0.0,8166.67,0.137705,0.157051,0.0,0.09622,0.2,0.333333,0.25,0.321429,0.137705,1,2,3,0,1,2
285,12,114,PED-20240511-285,2025-05-11,09:00:00,entregado,3500,whatsapp,Llamar antes,5,May,6,19,19,1,2,1,0,1,9,3500.0,1,transferencia,confirmado,0.0,1.0,1,1,3500,whatsapp,individual,353,0.0,3500.0,0.0,0.022436,0.0,0.0,0.0,0.0,0.5,0.607143,0.0,2,2,4,0,1,2
286,12,114,PED-20240511-286,2025-05-11,11:30:00,entregado,32500,whatsapp,,5,May,6,19,19,1,2,1,0,1,11,32500.0,1,daviplata,confirmado,0.0,1.0,2,2,32500,whatsapp,individual,353,0.0,16250.0,0.190164,0.208333,0.0,0.262887,0.1,0.333333,1.0,0.607143,0.190164,2,2,0,0,1,2
287,8,114,PED-20240511-287,2025-05-11,09:30:00,entregado,156000,manual,Llamar antes,5,May,6,19,19,1,2,1,0,1,9,156000.0,1,daviplata,confirmado,0.0,1.0,3,1,156000,presencial,individual,345,0.0,52000.0,1.0,1.0,0.0,1.0,0.2,0.0,0.5,0.321429,1.0,2,0,0,0,1,1
288,11,114,PED-20240511-288,2025-05-11,09:30:00,entregado,120000,whatsapp,Para regalo,5,May,6,19,19,1,2,1,0,1,9,120000.0,1,transferencia,pendiente,1.0,1.0,3,1,120000,whatsapp,individual,336,0.0,40000.0,0.763934,0.769231,0.0,0.752577,0.2,0.0,0.5,0.0,0.763934,2,2,4,1,1,2
289,15,114,PED-20240511-289,2025-05-11,07:00:00,entregado,35500,whatsapp,Para regalo,5,May,6,19,19,1,2,1,0,1,7,35500.0,1,transferencia,confirmado,0.0,1.0,6,3,35500,whatsapp,individual,337,0.0,5916.67,0.209836,0.227564,0.0,0.049828,0.5,0.666667,0.0,0.035714,0.209836,2,2,4,0,1,2
290,25,114,PED-20240511-290,2025-05-11,07:30:00,entregado,70000,manual,Para regalo,5,May,6,19,19,1,2,1,0,1,7,70000.0,1,nequi,confirmado,0.0,1.0,2,1,70000,whatsapp,empresa,343,0.0,35000.0,0.436066,0.448718,0.0,0.649485,0.1,0.0,0.0,0.25,0.436066,2,0,3,0,0,2
291,6,114,PED-20240511-291,2025-05-11,11:30:00,entregado,18000,whatsapp,Llamar antes,5,May,6,19,19,1,2,1,0,1,11,18000.0,1,nequi,confirmado,0.0,1.0,2,1,18000,presencial,individual,358,0.0,9000.0,0.095082,0.115385,0.0,0.113402,0.1,0.0,1.0,0.785714,0.095082,2,2,3,0,1,1
292,24,115,PED-20240512-292,2025-05-12,11:00:00,entregado,52000,whatsapp,,5,May,0,20,20,0,2,0,0,1,11,52000.0,1,efectivo,confirmado,0.0,0.0,2,1,52000,whatsapp,empresa,364,0.0,26000.0,0.318033,0.333333,0.0,0.463918,0.1,0.0,1.0,1.0,0.318033,2,2,2,0,0,2
293,23,115,PED-20240512-293,2025-05-12,11:30:00,entregado,84000,whatsapp,Entregar en portería,5,May,0,20,20,0,2,0,0,1,11,84000.0,1,transferencia,confirmado,0.0,1.0,3,1,84000,whatsapp,empresa,355,0.0,28000.0,0.527869,0.538462,0.0,0.505155,0.2,0.0,1.0,0.678571,0.527869,2,2,4,0,0,2
294,17,115,PED-20240512-294,2025-05-12,09:00:00,entregado,78000,whatsapp,Con tarjeta feliz cumpleaños,5,May,0,20,20,0,2,0,0,1,9,78000.0,1,transferencia,confirmado,0.0,1.0,3,1,78000,whatsapp,individual,338,0.0,26000.0,0.488525,0.5,0.0,0.463918,0.2,0.0,0.5,0.071429,0.488525,2,2,4,0,1,2
295,9,115,PED-20240512-295,2025-05-12,09:30:00,entregado,52000,manual,Entregar en portería,5,May,0,20,20,0,2,0,0,1,9,52000.0,1,nequi,confirmado,0.0,1.0,2,1,52000,whatsapp,individual,349,0.0,26000.0,0.318033,0.333333,0.0,0.463918,0.1,0.0,0.5,0.464286,0.318033,2,0,3,0,1,2
296,4,115,PED-20240512-296,2025-05-12,07:00:00,entregado,41500,manual,Con tarjeta feliz cumpleaños,5,May,0,20,20,0,2,0,0,1,7,41500.0,1,transferencia,confirmado,0.0,1.0,2,2,41500,whatsapp,individual,337,0.0,20750.0,0.24918,0.266026,0.0,0.35567,0.1,0.333333,0.0,0.035714,0.24918,2,0,4,0,1,2
297,14,115,PED-20240512-297,2025-05-12,09:30:00,entregado,48000,whatsapp,Decorar la caja,5,May,0,20,20,0,2,0,0,1,9,48000.0,1,nequi,confirmado,0.0,1.0,6,3,48000,whatsapp,individual,359,0.0,8000.0,0.291803,0.307692,0.0,0.092784,0.5,0.666667,0.5,0.821429,0.291803,2,2,3,0,1,2
298,22,115,PED-20240512-298,2025-05-12,07:30:00,entregado,84000,whatsapp,,5,May,0,20,20,0,2,0,0,1,7,84000.0,1,nequi,confirmado,0.0,1.0,3,1,84000,otro,empresa,360,0.0,28000.0,0.527869,0.538462,0.0,0.505155,0.2,0.0,0.0,0.857143,0.527869,2,2,3,0,0,0
299,10,115,PED-20240512-299,2025-05-12,11:00:00,entregado,19500,whatsapp,Decorar la caja,5,May,0,20,20,0,2,0,0,1,11,19500.0,1,transferencia,confirmado,0.0,1.0,3,2,19500,whatsapp,individual,345,0.0,6500.0,0.104918,0.125,0.0,0.061856,0.2,0.333333,1.0,0.321429,0.104918,2,2,4,0,1,2
300,20,115,PED-20240512-300,2025-05-12,08:30:00,entregado,52000,whatsapp,Pago contra entrega,5,May,0,20,20,0,2,0,0,1,8,52000.0,1,transferencia,confirmado,0.0,1.0,1,1,52000,whatsapp,individual,340,0.0,52000.0,0.318033,0.333333,0.0,1.0,0.0,0.0,0.25,0.142857,0.318033,2,2,4,0,1,2
301,10,115,PED-20240512-301,2025-05-12,10:30:00,entregado,99000,whatsapp,,5,May,0,20,20,0,2,0,0,1,10,99000.0,1,nequi,confirmado,0.0,1.0,3,1,99000,whatsapp,individual,345,0.0,33000.0,0.62623,0.634615,0.0,0.608247,0.2,0.0,0.75,0.321429,0.62623,2,2,3,0,1,2
302,21,115,PED-20240512-302,2025-05-12,10:30:00,entregado,33000,whatsapp,,5,May,0,20,20,0,2,0,0,1,10,33000.0,1,transferencia,confirmado,0.0,1.0,1,1,33000,presencial,empresa,351,0.0,33000.0,0.193443,0.211538,0.0,0.608247,0.0,0.0,0.75,0.535714,0.193443,2,2,4,0,0,1
303,22,115,PED-20240512-303,2025-05-12,08:00:00,entregado,84000,whatsapp,Decorar la caja,5,May,0,20,20,0,2,0,0,1,8,84000.0,1,transferencia,confirmado,0.0,1.0,3,1,84000,otro,empresa,360,0.0,28000.0,0.527869,0.538462,0.0,0.505155,0.2,0.0,0.25,0.857143,0.527869,2,2,4,0,0,0
304,16,115,PED-20240512-304,2025-05-12,10:00:00,entregado,58500,whatsapp,Pago contra entrega,5,May,0,20,20,0,2,0,0,1,10,58500.0,1,nequi,confirmado,0.0,1.0,2,2,58500,otro,individual,355,0.0,29250.0,0.360656,0.375,0.0,0.530928,0.1,0.333333,0.75,0.678571,0.360656,2,2,3,0,1,0
305,3,115,PED-20240512-305,2025-05-12,11:00:00,entregado,33000,whatsapp,Con tarjeta feliz cumpleaños,5,May,0,20,20,0,2,0,0,1,11,33000.0,1,nequi,confirmado,0.0,1.0,4,2,33000,otro,individual,358,0.0,8250.0,0.193443,0.211538,0.0,0.097938,0.3,0.333333,1.0,0.785714,0.193443,2,2,3,0,1,0
306,2,115,PED-20240512-306,2025-05-12,08:00:00,entregado,40000,whatsapp,,5,May,0,20,20,0,2,0,0,1,8,40000.0,1,transferencia,rechazado,1.0,1.0,1,1,40000,otro,individual,362,0.0,40000.0,0.239344,0.25641,0.0,0.752577,0.0,0.0,0.25,0.928571,0.239344,2,2,4,2,1,0
307,18,115,PED-20240512-307,2025-05-12,10:30:00,entregado,66000,whatsapp,Con tarjeta feliz cumpleaños,5,May,0,20,20,0,2,0,0,1,10,66000.0,1,transferencia,confirmado,0.0,1.0,2,1,66000,whatsapp,individual,336,0.0,33000.0,0.409836,0.423077,0.0,0.608247,0.1,0.0,0.75,0.0,0.409836,2,2,4,0,1,2
308,10,115,PED-20240512-308,2025-05-12,07:30:00,entregado,40000,whatsapp,Con tarjeta feliz cumpleaños,5,May,0,20,20,0,2,0,0,1,7,40000.0,1,nequi,confirmado,0.0,1.0,1,1,40000,whatsapp,individual,345,0.0,40000.0,0.239344,0.25641,0.0,0.752577,0.0,0.0,0.0,0.321429,0.239344,2,2,3,0,1,2
309,23,115,PED-20240512-309,2025-05-12,08:30:00,entregado,34000,whatsapp,Para regalo,5,May,0,20,20,0,2,0,0,1,8,34000.0,1,efectivo,pendiente,1.0,0.0,4,2,34000,whatsapp,empresa,355,0.0,8500.0,0.2,0.217949,0.0,0.103093,0.3,0.333333,0.25,0.678571,0.2,2,2,2,1,0,2
310,11,115,PED-20240512-310,2025-05-12,11:00:00,desconocido,26000,whatsapp,Decorar la caja,5,May,0,20,20,0,2,0,0,0,11,26000.0,1,nequi,confirmado,0.0,1.0,1,1,26000,whatsapp,individual,336,0.0,26000.0,0.147541,0.166667,0.0,0.463918,0.0,0.0,1.0,0.0,0.147541,1,2,3,0,1,2
311,8,115,PED-20240512-311,2025-05-12,10:00:00,entregado,156000,whatsapp,,5,May,0,20,20,0,2,0,0,1,10,156000.0,1,nequi,confirmado,0.0,1.0,3,1,156000,presencial,individual,345,0.0,52000.0,1.0,1.0,0.0,1.0,0.2,0.0,0.75,0.321429,1.0,2,2,3,0,1,1
312,20,115,PED-20240512-312,2025-05-12,09:00:00,desconocido,84000,whatsapp,Con tarjeta feliz cumpleaños,5,May,0,20,20,0,2,0,0,0,9,84000.0,1,transferencia,confirmado,0.0,1.0,3,1,84000,whatsapp,individual,340,0.0,28000.0,0.527869,0.538462,0.0,0.505155,0.2,0.0,0.5,0.142857,0.527869,1,2,4,0,1,2
313,25,116,PED-20240513-313,2025-05-13,10:30:00,entregado,39500,whatsapp,Pago contra entrega,5,May,1,20,20,0,2,0,0,1,10,39500.0,1,efectivo,confirmado,0.0,0.0,2,2,39500,whatsapp,empresa,343,0.0,19750.0,0.236066,0.253205,0.0,0.335052,0.1,0.333333,0.75,0.25,0.236066,2,2,2,0,0,2
314,3,116,PED-20240513-314,2025-05-13,09:30:00,entregado,52000,whatsapp,,5,May,1,20,20,0,2,0,0,1,9,52000.0,1,transferencia,confirmado,0.0,1.0,1,1,52000,otro,individual,358,0.0,52000.0,0.318033,0.333333,0.0,1.0,0.0,0.0,0.5,0.785714,0.318033,2,2,4,0,1,0
315,15,116,PED-20240513-315,2025-05-13,11:00:00,entregado,30500,whatsapp,Llamar antes,5,May,1,20,20,0,2,0,0,1,11,30500.0,1,daviplata,confirmado,0.0,1.0,2,2,30500,whatsapp,individual,337,0.0,15250.0,0.177049,0.195513,0.0,0.242268,0.1,0.333333,1.0,0.035714,0.177049,2,2,0,0,1,2
316,22,117,PED-20240514-316,2025-05-14,09:30:00,entregado,48000,whatsapp,Llamar antes,5,May,2,20,20,0,2,0,0,1,9,48000.0,1,nequi,confirmado,0.0,1.0,6,3,48000,otro,empresa,360,0.0,8000.0,0.291803,0.307692,0.0,0.092784,0.5,0.666667,0.5,0.857143,0.291803,2,2,3,0,0,0
317,9,117,PED-20240514-317,2025-05-14,09:00:00,entregado,120000,whatsapp,,5,May,2,20,20,0,2,0,0,1,9,120000.0,1,transferencia,pendiente,1.0,1.0,3,1,120000,whatsapp,individual,349,0.0,40000.0,0.763934,0.769231,0.0,0.752577,0.2,0.0,0.5,0.464286,0.763934,2,2,4,1,1,2
318,1,117,PED-20240514-318,2025-05-14,07:30:00,entregado,48500,whatsapp,Decorar la caja,5,May,2,20,20,0,2,0,0,1,7,48500.0,1,transferencia,confirmado,0.0,1.0,2,2,48500,whatsapp,individual,360,0.0,24250.0,0.295082,0.310897,0.0,0.427835,0.1,0.333333,0.0,0.857143,0.295082,2,2,4,0,1,2
319,20,117,PED-20240514-319,2025-05-14,11:30:00,entregado,84000,whatsapp,Entregar en portería,5,May,2,20,20,0,2,0,0,1,11,84000.0,1,efectivo,pendiente,1.0,0.0,3,1,84000,whatsapp,individual,340,0.0,28000.0,0.527869,0.538462,0.0,0.505155,0.2,0.0,1.0,0.142857,0.527869,2,2,2,1,1,2
320,20,118,PED-20240515-320,2025-05-15,09:00:00,entregado,78000,whatsapp,,5,May,3,20,20,0,2,0,0,1,9,78000.0,1,efectivo,confirmado,0.0,0.0,3,1,78000,whatsapp,individual,340,0.0,26000.0,0.488525,0.5,0.0,0.463918,0.2,0.0,0.5,0.142857,0.488525,2,2,2,0,1,2
321,21,118,PED-20240515-321,2025-05-15,09:30:00,entregado,56500,whatsapp,Llamar antes,5,May,3,20,20,0,2,0,0,1,9,56500.0,1,nequi,confirmado,0.0,1.0,2,2,56500,presencial,empresa,351,0.0,28250.0,0.347541,0.362179,0.0,0.510309,0.1,0.333333,0.5,0.535714,0.347541,2,2,3,0,0,1
322,19,118,PED-20240515-322,2025-05-15,11:30:00,entregado,35000,whatsapp,,5,May,3,20,20,0,2,0,0,1,11,35000.0,1,nequi,confirmado,0.0,1.0,1,1,35000,whatsapp,individual,337,0.0,35000.0,0.206557,0.224359,0.0,0.649485,0.0,0.0,1.0,0.035714,0.206557,2,2,3,0,1,2
323,8,118,PED-20240515-323,2025-05-15,10:00:00,entregado,16500,whatsapp,,5,May,3,20,20,0,2,0,0,1,10,16500.0,1,daviplata,confirmado,0.0,1.0,2,2,16500,presencial,individual,345,0.0,8250.0,0.085246,0.105769,0.0,0.097938,0.1,0.333333,0.75,0.321429,0.085246,2,2,0,0,1,1
324,1,119,PED-20240516-324,2025-05-16,08:00:00,entregado,52000,whatsapp,Entregar en portería,5,May,4,20,20,0,2,0,0,1,8,52000.0,1,daviplata,confirmado,0.0,1.0,1,1,52000,whatsapp,individual,360,0.0,52000.0,0.318033,0.333333,0.0,1.0,0.0,0.0,0.25,0.857143,0.318033,2,2,0,0,1,2
325,8,119,PED-20240516-325,2025-05-16,09:00:00,entregado,34500,whatsapp,Entregar en portería,5,May,4,20,20,0,2,0,0,1,9,34500.0,1,efectivo,confirmado,0.0,0.0,2,2,34500,presencial,individual,345,0.0,17250.0,0.203279,0.221154,0.0,0.283505,0.1,0.333333,0.5,0.321429,0.203279,2,2,2,0,1,1
326,25,119,PED-20240516-326,2025-05-16,10:00:00,entregado,70000,manual,Pago contra entrega,5,May,4,20,20,0,2,0,0,1,10,70000.0,1,transferencia,confirmado,0.0,1.0,2,1,70000,whatsapp,empresa,343,0.0,35000.0,0.436066,0.448718,0.0,0.649485,0.1,0.0,0.75,0.25,0.436066,2,0,4,0,0,2
327,9,120,PED-20240517-327,2025-05-17,09:00:00,entregado,52000,whatsapp,Con tarjeta feliz cumpleaños,5,May,5,20,20,1,2,0,0,1,9,52000.0,1,transferencia,pendiente,1.0,1.0,1,1,52000,whatsapp,individual,349,0.0,52000.0,0.318033,0.333333,0.0,1.0,0.0,0.0,0.5,0.464286,0.318033,2,2,4,1,1,2
328,4,120,PED-20240517-328,2025-05-17,11:30:00,entregado,70000,whatsapp,Llamar antes,5,May,5,20,20,1,2,0,0,1,11,70000.0,1,daviplata,confirmado,0.0,1.0,2,1,70000,whatsapp,individual,337,0.0,35000.0,0.436066,0.448718,0.0,0.649485,0.1,0.0,1.0,0.035714,0.436066,2,2,0,0,1,2
329,25,120,PED-20240517-329,2025-05-17,11:30:00,entregado,35000,whatsapp,Llamar antes,5,May,5,20,20,1,2,0,0,1,11,35000.0,1,transferencia,confirmado,0.0,1.0,3,2,35000,whatsapp,empresa,343,0.0,11666.67,0.206557,0.224359,0.0,0.168385,0.2,0.333333,1.0,0.25,0.206557,2,2,4,0,0,2
330,16,120,PED-20240517-330,2025-05-17,09:30:00,cancelado,56000,whatsapp,,5,May,5,20,20,1,2,0,1,0,9,0.0,0,desconocido,sin_pago,0.0,0.0,2,1,56000,otro,individual,355,56000.0,28000.0,0.344262,0.0,0.466667,0.505155,0.1,0.0,0.5,0.678571,0.344262,0,2,1,3,1,0
331,6,121,PED-20240518-331,2025-05-18,11:30:00,entregado,14500,whatsapp,Llamar antes,5,May,6,20,20,1,2,0,0,1,11,14500.0,1,nequi,confirmado,0.0,1.0,2,2,14500,presencial,individual,358,0.0,7250.0,0.072131,0.092949,0.0,0.07732,0.1,0.333333,1.0,0.785714,0.072131,2,2,3,0,1,1
332,7,121,PED-20240518-332,2025-05-18,09:00:00,entregado,8000,whatsapp,Para regalo,5,May,6,20,20,1,2,0,0,1,9,8000.0,1,transferencia,confirmado,0.0,1.0,1,1,8000,otro,individual,350,0.0,8000.0,0.029508,0.051282,0.0,0.092784,0.0,0.0,0.5,0.5,0.029508,2,2,4,0,1,0
333,8,121,PED-20240518-333,2025-05-18,07:30:00,entregado,55000,whatsapp,Pago contra entrega,5,May,6,20,20,1,2,0,0,1,7,55000.0,1,nequi,confirmado,0.0,1.0,7,4,55000,presencial,individual,345,0.0,7857.14,0.337705,0.352564,0.0,0.089838,0.6,1.0,0.0,0.321429,0.337705,2,2,3,0,1,1
334,16,121,PED-20240518-334,2025-05-18,07:30:00,entregado,104000,whatsapp,Entregar en portería,5,May,6,20,20,1,2,0,0,1,7,104000.0,1,nequi,confirmado,0.0,1.0,2,1,104000,otro,individual,355,0.0,52000.0,0.659016,0.666667,0.0,1.0,0.1,0.0,0.0,0.678571,0.659016,2,2,3,0,1,0
335,19,121,PED-20240518-335,2025-05-18,09:30:00,entregado,36000,whatsapp,Llamar antes,5,May,6,20,20,1,2,0,0,1,9,36000.0,1,transferencia,pendiente,1.0,1.0,2,2,36000,whatsapp,individual,337,0.0,18000.0,0.213115,0.230769,0.0,0.298969,0.1,0.333333,0.5,0.035714,0.213115,2,2,4,1,1,2
336,18,122,PED-20240520-336,2025-05-20,07:00:00,entregado,16000,whatsapp,Para regalo,5,May,1,21,21,0,2,0,0,1,7,16000.0,1,transferencia,confirmado,0.0,1.0,3,2,16000,whatsapp,individual,336,0.0,5333.33,0.081967,0.102564,0.0,0.037801,0.2,0.333333,0.0,0.0,0.081967,2,2,4,0,1,2
337,9,122,PED-20240520-337,2025-05-20,10:30:00,entregado,33000,whatsapp,,5,May,1,21,21,0,2,0,0,1,10,33000.0,1,transferencia,confirmado,0.0,1.0,1,1,33000,whatsapp,individual,349,0.0,33000.0,0.193443,0.211538,0.0,0.608247,0.0,0.0,0.75,0.464286,0.193443,2,2,4,0,1,2
338,11,122,PED-20240520-338,2025-05-20,10:00:00,entregado,78000,whatsapp,Para regalo,5,May,1,21,21,0,2,0,0,1,10,78000.0,1,efectivo,confirmado,0.0,0.0,3,1,78000,whatsapp,individual,336,0.0,26000.0,0.488525,0.5,0.0,0.463918,0.2,0.0,0.75,0.0,0.488525,2,2,2,0,1,2
339,9,122,PED-20240520-339,2025-05-20,11:30:00,entregado,28000,manual,Entregar en portería,5,May,1,21,21,0,2,0,0,1,11,28000.0,1,daviplata,confirmado,0.0,1.0,1,1,28000,whatsapp,individual,349,0.0,28000.0,0.160656,0.179487,0.0,0.505155,0.0,0.0,1.0,0.464286,0.160656,2,0,0,0,1,2
340,19,123,PED-20240521-340,2025-05-21,10:00:00,entregado,78000,whatsapp,Con tarjeta feliz cumpleaños,5,May,2,21,21,0,2,0,0,1,10,78000.0,1,daviplata,confirmado,0.0,1.0,3,1,78000,whatsapp,individual,337,0.0,26000.0,0.488525,0.5,0.0,0.463918,0.2,0.0,0.75,0.035714,0.488525,2,2,0,0,1,2
341,3,123,PED-20240521-341,2025-05-21,09:30:00,entregado,49500,whatsapp,,5,May,2,21,21,0,2,0,0,1,9,49500.0,1,transferencia,confirmado,0.0,1.0,7,4,49500,otro,individual,358,0.0,7071.43,0.301639,0.317308,0.0,0.073638,0.6,1.0,0.5,0.785714,0.301639,2,2,4,0,1,0
342,11,123,PED-20240521-342,2025-05-21,10:30:00,entregado,33000,otro,,5,May,2,21,21,0,2,0,0,1,10,33000.0,1,nequi,confirmado,0.0,1.0,1,1,33000,whatsapp,individual,336,0.0,33000.0,0.193443,0.211538,0.0,0.608247,0.0,0.0,0.75,0.0,0.193443,2,1,3,0,1,2
343,22,123,PED-20240521-343,2025-05-21,09:30:00,entregado,48000,whatsapp,,5,May,2,21,21,0,2,0,0,1,9,48000.0,1,daviplata,confirmado,0.0,1.0,2,2,48000,otro,empresa,360,0.0,24000.0,0.291803,0.307692,0.0,0.42268,0.1,0.333333,0.5,0.857143,0.291803,2,2,0,0,0,0
344,21,123,PED-20240521-344,2025-05-21,08:30:00,entregado,13500,otro,Pago contra entrega,5,May,2,21,21,0,2,0,0,1,8,13500.0,1,nequi,confirmado,0.0,1.0,3,1,13500,presencial,empresa,351,0.0,4500.0,0.065574,0.086538,0.0,0.020619,0.2,0.0,0.25,0.535714,0.065574,2,1,3,0,0,1
345,12,124,PED-20240522-345,2025-05-22,09:30:00,entregado,43000,whatsapp,Para regalo,5,May,3,21,21,0,2,0,0,1,9,43000.0,1,transferencia,confirmado,0.0,1.0,2,2,43000,whatsapp,individual,353,0.0,21500.0,0.259016,0.275641,0.0,0.371134,0.1,0.333333,0.5,0.607143,0.259016,2,2,4,0,1,2
346,23,124,PED-20240522-346,2025-05-22,09:30:00,entregado,120000,whatsapp,Entregar en portería,5,May,3,21,21,0,2,0,0,1,9,120000.0,1,daviplata,confirmado,0.0,1.0,3,1,120000,whatsapp,empresa,355,0.0,40000.0,0.763934,0.769231,0.0,0.752577,0.2,0.0,0.5,0.678571,0.763934,2,2,0,0,0,2
347,15,124,PED-20240522-347,2025-05-22,08:30:00,entregado,28000,whatsapp,Pago contra entrega,5,May,3,21,21,0,2,0,0,1,8,28000.0,1,transferencia,confirmado,0.0,1.0,1,1,28000,whatsapp,individual,337,0.0,28000.0,0.160656,0.179487,0.0,0.505155,0.0,0.0,0.25,0.035714,0.160656,2,2,4,0,1,2
348,24,125,PED-20240523-348,2025-05-23,08:00:00,entregado,52000,whatsapp,,5,May,4,21,21,0,2,0,0,1,8,52000.0,1,nequi,confirmado,0.0,1.0,1,1,52000,whatsapp,empresa,364,0.0,52000.0,0.318033,0.333333,0.0,1.0,0.0,0.0,0.25,1.0,0.318033,2,2,3,0,0,2
349,16,125,PED-20240523-349,2025-05-23,07:00:00,entregado,60000,whatsapp,Llamar antes,5,May,4,21,21,0,2,0,0,1,7,60000.0,1,nequi,pendiente,1.0,1.0,2,2,60000,otro,individual,355,0.0,30000.0,0.370492,0.384615,0.0,0.546392,0.1,0.333333,0.0,0.678571,0.370492,2,2,3,1,1,0
350,19,125,PED-20240523-350,2025-05-23,11:00:00,entregado,52000,whatsapp,Entregar en portería,5,May,4,21,21,0,2,0,0,1,11,52000.0,1,nequi,pendiente,1.0,1.0,2,1,52000,whatsapp,individual,337,0.0,26000.0,0.318033,0.333333,0.0,0.463918,0.1,0.0,1.0,0.035714,0.318033,2,2,3,1,1,2
351,18,125,PED-20240523-351,2025-05-23,10:00:00,entregado,52000,whatsapp,,5,May,4,21,21,0,2,0,0,1,10,52000.0,1,nequi,confirmado,0.0,1.0,2,1,52000,whatsapp,individual,336,0.0,26000.0,0.318033,0.333333,0.0,0.463918,0.1,0.0,0.75,0.0,0.318033,2,2,3,0,1,2
352,6,126,PED-20240524-352,2025-05-24,09:00:00,entregado,44500,whatsapp,,5,May,5,21,21,1,2,0,0,1,9,44500.0,1,efectivo,confirmado,0.0,0.0,2,2,44500,presencial,individual,358,0.0,22250.0,0.268852,0.285256,0.0,0.386598,0.1,0.333333,0.5,0.785714,0.268852,2,2,2,0,1,1
353,11,126,PED-20240524-353,2025-05-24,08:30:00,entregado,35000,whatsapp,Para regalo,5,May,5,21,21,1,2,0,0,1,8,35000.0,1,efectivo,pendiente,1.0,0.0,1,1,35000,whatsapp,individual,336,0.0,35000.0,0.206557,0.224359,0.0,0.649485,0.0,0.0,0.25,0.0,0.206557,2,2,2,1,1,2
354,3,126,PED-20240524-354,2025-05-24,11:30:00,entregado,56000,whatsapp,Decorar la caja,5,May,5,21,21,1,2,0,0,1,11,56000.0,1,daviplata,confirmado,0.0,1.0,3,2,56000,otro,individual,358,0.0,18666.67,0.344262,0.358974,0.0,0.312715,0.2,0.333333,1.0,0.785714,0.344262,2,2,0,0,1,0
355,19,126,PED-20240524-355,2025-05-24,11:00:00,entregado,44000,whatsapp,Decorar la caja,5,May,5,21,21,1,2,0,0,1,11,44000.0,1,daviplata,confirmado,0.0,1.0,3,2,44000,whatsapp,individual,337,0.0,14666.67,0.265574,0.282051,0.0,0.230241,0.2,0.333333,1.0,0.035714,0.265574,2,2,0,0,1,2
356,3,126,PED-20240524-356,2025-05-24,10:00:00,entregado,105000,whatsapp,Llamar antes,5,May,5,21,21,1,2,0,0,1,10,105000.0,1,efectivo,confirmado,0.0,0.0,3,1,105000,otro,individual,358,0.0,35000.0,0.665574,0.673077,0.0,0.649485,0.2,0.0,0.75,0.785714,0.665574,2,2,2,0,1,0
357,20,127,PED-20240525-357,2025-05-25,07:30:00,entregado,3500,whatsapp,Para regalo,5,May,6,21,21,1,2,0,0,1,7,3500.0,1,efectivo,confirmado,0.0,0.0,1,1,3500,whatsapp,individual,340,0.0,3500.0,0.0,0.022436,0.0,0.0,0.0,0.0,0.0,0.142857,0.0,2,2,2,0,1,2
358,11,127,PED-20240525-358,2025-05-25,10:00:00,entregado,49000,whatsapp,Llamar antes,5,May,6,21,21,1,2,0,0,1,10,49000.0,1,nequi,confirmado,0.0,1.0,3,2,49000,whatsapp,individual,336,0.0,16333.33,0.298361,0.314103,0.0,0.264605,0.2,0.333333,0.75,0.0,0.298361,2,2,3,0,1,2
359,23,127,PED-20240525-359,2025-05-25,11:00:00,entregado,34000,whatsapp,Decorar la caja,5,May,6,21,21,1,2,0,0,1,11,34000.0,1,nequi,confirmado,0.0,1.0,2,2,34000,whatsapp,empresa,355,0.0,17000.0,0.2,0.217949,0.0,0.278351,0.1,0.333333,1.0,0.678571,0.2,2,2,3,0,0,2
360,13,127,PED-20240525-360,2025-05-25,09:00:00,desconocido,105000,whatsapp,,5,May,6,21,21,1,2,0,0,0,9,105000.0,1,nequi,confirmado,0.0,1.0,3,1,105000,whatsapp,individual,345,0.0,35000.0,0.665574,0.673077,0.0,0.649485,0.2,0.0,0.5,0.321429,0.665574,1,2,3,0,1,2
361,17,127,PED-20240525-361,2025-05-25,10:30:00,entregado,46500,manual,Decorar la caja,5,May,6,21,21,1,2,0,0,1,10,46500.0,1,nequi,confirmado,0.0,1.0,6,4,46500,whatsapp,individual,338,0.0,7750.0,0.281967,0.298077,0.0,0.087629,0.5,1.0,0.75,0.071429,0.281967,2,0,3,0,1,2
362,9,128,PED-20240527-362,2025-05-27,09:30:00,entregado,70000,whatsapp,Entregar en portería,5,May,1,22,22,0,2,0,0,1,9,70000.0,1,daviplata,confirmado,0.0,1.0,2,1,70000,whatsapp,individual,349,0.0,35000.0,0.436066,0.448718,0.0,0.649485,0.1,0.0,0.5,0.464286,0.436066,2,2,0,0,1,2
363,22,128,PED-20240527-363,2025-05-27,11:30:00,entregado,84000,whatsapp,Pago contra entrega,5,May,1,22,22,0,2,0,0,1,11,84000.0,1,nequi,confirmado,0.0,1.0,3,1,84000,otro,empresa,360,0.0,28000.0,0.527869,0.538462,0.0,0.505155,0.2,0.0,1.0,0.857143,0.527869,2,2,3,0,0,0
364,10,128,PED-20240527-364,2025-05-27,09:00:00,entregado,65000,whatsapp,Pago contra entrega,5,May,1,22,22,0,2,0,0,1,9,65000.0,1,efectivo,confirmado,0.0,0.0,9,4,65000,whatsapp,individual,345,0.0,7222.22,0.403279,0.416667,0.0,0.076747,0.8,1.0,0.5,0.321429,0.403279,2,2,2,0,1,2
365,1,128,PED-20240527-365,2025-05-27,10:30:00,entregado,28000,whatsapp,Para regalo,5,May,1,22,22,0,2,0,0,1,10,28000.0,1,daviplata,confirmado,0.0,1.0,1,1,28000,whatsapp,individual,360,0.0,28000.0,0.160656,0.179487,0.0,0.505155,0.0,0.0,0.75,0.857143,0.160656,2,2,0,0,1,2
366,17,128,PED-20240527-366,2025-05-27,09:00:00,entregado,8000,whatsapp,Pago contra entrega,5,May,1,22,22,0,2,0,0,1,9,8000.0,1,transferencia,pendiente,1.0,1.0,1,1,8000,whatsapp,individual,338,0.0,8000.0,0.029508,0.051282,0.0,0.092784,0.0,0.0,0.5,0.071429,0.029508,2,2,4,1,1,2
367,22,129,PED-20240528-367,2025-05-28,11:00:00,entregado,30500,whatsapp,Decorar la caja,5,May,2,22,22,0,2,0,0,1,11,30500.0,1,daviplata,confirmado,0.0,1.0,2,2,30500,otro,empresa,360,0.0,15250.0,0.177049,0.195513,0.0,0.242268,0.1,0.333333,1.0,0.857143,0.177049,2,2,0,0,0,0
368,11,129,PED-20240528-368,2025-05-28,09:00:00,entregado,105000,whatsapp,Entregar en portería,5,May,2,22,22,0,2,0,0,1,9,105000.0,1,efectivo,pendiente,1.0,0.0,3,1,105000,whatsapp,individual,336,0.0,35000.0,0.665574,0.673077,0.0,0.649485,0.2,0.0,0.5,0.0,0.665574,2,2,2,1,1,2
369,12,129,PED-20240528-369,2025-05-28,11:30:00,entregado,28000,whatsapp,Con tarjeta feliz cumpleaños,5,May,2,22,22,0,2,0,0,1,11,28000.0,1,transferencia,confirmado,0.0,1.0,1,1,28000,whatsapp,individual,353,0.0,28000.0,0.160656,0.179487,0.0,0.505155,0.0,0.0,1.0,0.607143,0.160656,2,2,4,0,1,2
370,17,129,PED-20240528-370,2025-05-28,10:30:00,entregado,37000,whatsapp,Entregar en portería,5,May,2,22,22,0,2,0,0,1,10,37000.0,1,nequi,confirmado,0.0,1.0,3,2,37000,whatsapp,individual,338,0.0,12333.33,0.219672,0.237179,0.0,0.182131,0.2,0.333333,0.75,0.071429,0.219672,2,2,3,0,1,2
371,19,129,PED-20240528-371,2025-05-28,09:30:00,pendiente,7000,whatsapp,Entregar en portería,5,May,2,22,22,0,2,0,0,0,9,0.0,0,desconocido,sin_pago,0.0,0.0,2,1,7000,whatsapp,individual,337,7000.0,3500.0,0.022951,0.0,0.058333,0.0,0.1,0.0,0.5,0.035714,0.022951,3,2,1,3,1,2
372,4,130,PED-20240529-372,2025-05-29,10:30:00,entregado,53000,whatsapp,Llamar antes,5,May,3,22,22,0,2,0,0,1,10,53000.0,1,efectivo,pendiente,1.0,0.0,7,3,53000,whatsapp,individual,337,0.0,7571.43,0.32459,0.339744,0.0,0.083947,0.6,0.666667,0.75,0.035714,0.32459,2,2,2,1,1,2
373,15,130,PED-20240529-373,2025-05-29,09:30:00,entregado,69000,whatsapp,Llamar antes,5,May,3,22,22,0,2,0,0,1,9,69000.0,1,transferencia,confirmado,0.0,1.0,3,2,69000,whatsapp,individual,337,0.0,23000.0,0.429508,0.442308,0.0,0.402062,0.2,0.333333,0.5,0.035714,0.429508,2,2,4,0,1,2
374,19,130,PED-20240529-374,2025-05-29,11:00:00,entregado,35000,manual,Con tarjeta feliz cumpleaños,5,May,3,22,22,0,2,0,0,1,11,35000.0,1,transferencia,confirmado,0.0,1.0,3,2,35000,whatsapp,individual,337,0.0,11666.67,0.206557,0.224359,0.0,0.168385,0.2,0.333333,1.0,0.035714,0.206557,2,0,4,0,1,2
375,2,130,PED-20240529-375,2025-05-29,07:00:00,entregado,40000,manual,Entregar en portería,5,May,3,22,22,0,2,0,0,1,7,40000.0,1,transferencia,pendiente,1.0,1.0,1,1,40000,otro,individual,362,0.0,40000.0,0.239344,0.25641,0.0,0.752577,0.0,0.0,0.0,0.928571,0.239344,2,0,4,1,1,0
376,12,131,PED-20240530-376,2025-05-30,11:30:00,entregado,22000,whatsapp,Entregar en portería,5,May,4,22,22,0,2,0,0,1,11,22000.0,1,transferencia,rechazado,1.0,1.0,4,2,22000,whatsapp,individual,353,0.0,5500.0,0.121311,0.141026,0.0,0.041237,0.3,0.333333,1.0,0.607143,0.121311,2,2,4,2,1,2
377,15,131,PED-20240530-377,2025-05-30,10:30:00,entregado,35000,otro,Entregar en portería,5,May,4,22,22,0,2,0,0,1,10,35000.0,1,daviplata,rechazado,1.0,1.0,1,1,35000,whatsapp,individual,337,0.0,35000.0,0.206557,0.224359,0.0,0.649485,0.0,0.0,0.75,0.035714,0.206557,2,1,0,2,1,2
378,19,131,PED-20240530-378,2025-05-30,09:30:00,entregado,78000,whatsapp,Para regalo,5,May,4,22,22,0,2,0,0,1,9,78000.0,1,transferencia,confirmado,0.0,1.0,3,1,78000,whatsapp,individual,337,0.0,26000.0,0.488525,0.5,0.0,0.463918,0.2,0.0,0.5,0.035714,0.488525,2,2,4,0,1,2
379,24,131,PED-20240530-379,2025-05-30,07:30:00,entregado,34500,whatsapp,Decorar la caja,5,May,4,22,22,0,2,0,0,1,7,34500.0,1,nequi,confirmado,0.0,1.0,5,3,34500,whatsapp,empresa,364,0.0,6900.0,0.203279,0.221154,0.0,0.070103,0.4,0.666667,0.0,1.0,0.203279,2,2,3,0,0,2
380,3,131,PED-20240530-380,2025-05-30,09:30:00,entregado,33000,whatsapp,,5,May,4,22,22,0,2,0,0,1,9,33000.0,1,transferencia,confirmado,0.0,1.0,1,1,33000,otro,individual,358,0.0,33000.0,0.193443,0.211538,0.0,0.608247,0.0,0.0,0.5,0.785714,0.193443,2,2,4,0,1,0
381,25,132,PED-20240531-381,2025-05-31,10:30:00,entregado,29500,manual,Entregar en portería,5,May,5,22,22,1,2,0,0,1,10,29500.0,1,efectivo,confirmado,0.0,0.0,4,3,29500,whatsapp,empresa,343,0.0,7375.0,0.170492,0.189103,0.0,0.079897,0.3,0.666667,0.75,0.25,0.170492,2,0,2,0,0,2
382,22,132,PED-20240531-382,2025-05-31,10:00:00,entregado,78000,whatsapp,Para regalo,5,May,5,22,22,1,2,0,0,1,10,78000.0,1,nequi,confirmado,0.0,1.0,3,1,78000,otro,empresa,360,0.0,26000.0,0.488525,0.5,0.0,0.463918,0.2,0.0,0.75,0.857143,0.488525,2,2,3,0,0,0
383,20,132,PED-20240531-383,2025-05-31,10:30:00,entregado,43000,whatsapp,Pago contra entrega,5,May,5,22,22,1,2,0,0,1,10,43000.0,1,daviplata,confirmado,0.0,1.0,3,2,43000,whatsapp,individual,340,0.0,14333.33,0.259016,0.275641,0.0,0.223368,0.2,0.333333,0.75,0.142857,0.259016,2,2,0,0,1,2
384,2,132,PED-20240531-384,2025-05-31,09:00:00,entregado,46000,whatsapp,Entregar en portería,5,May,5,22,22,1,2,0,0,1,9,46000.0,1,nequi,confirmado,0.0,1.0,6,4,46000,otro,individual,362,0.0,7666.67,0.278689,0.294872,0.0,0.085911,0.5,1.0,0.5,0.928571,0.278689,2,2,3,0,1,0
385,1,132,PED-20240531-385,2025-05-31,09:30:00,entregado,68000,whatsapp,Entregar en portería,5,May,5,22,22,1,2,0,0,1,9,68000.0,1,efectivo,confirmado,0.0,0.0,3,2,68000,whatsapp,individual,360,0.0,22666.67,0.422951,0.435897,0.0,0.395189,0.2,0.333333,0.5,0.857143,0.422951,2,2,2,0,1,2
386,16,133,PED-20240601-386,2025-06-01,11:00:00,entregado,44000,whatsapp,,6,Jun,6,22,22,1,2,0,0,1,11,44000.0,1,transferencia,confirmado,0.0,1.0,2,2,44000,otro,individual,355,0.0,22000.0,0.265574,0.282051,0.0,0.381443,0.1,0.333333,1.0,0.678571,0.265574,2,2,4,0,1,0
387,18,133,PED-20240601-387,2025-06-01,09:30:00,entregado,156000,whatsapp,Llamar antes,6,Jun,6,22,22,1,2,0,0,1,9,156000.0,1,daviplata,confirmado,0.0,1.0,3,1,156000,whatsapp,individual,336,0.0,52000.0,1.0,1.0,0.0,1.0,0.2,0.0,0.5,0.0,1.0,2,2,0,0,1,2
388,16,133,PED-20240601-388,2025-06-01,11:30:00,entregado,52500,whatsapp,Decorar la caja,6,Jun,6,22,22,1,2,0,0,1,11,52500.0,1,nequi,confirmado,0.0,1.0,7,4,52500,otro,individual,355,0.0,7500.0,0.321311,0.336538,0.0,0.082474,0.6,1.0,1.0,0.678571,0.321311,2,2,3,0,1,0
389,19,134,PED-20240603-389,2025-06-03,11:30:00,entregado,40000,manual,Para regalo,6,Jun,1,23,23,0,2,0,0,1,11,40000.0,1,daviplata,confirmado,0.0,1.0,1,1,40000,whatsapp,individual,337,0.0,40000.0,0.239344,0.25641,0.0,0.752577,0.0,0.0,1.0,0.035714,0.239344,2,0,0,0,1,2
390,18,134,PED-20240603-390,2025-06-03,11:00:00,entregado,32000,whatsapp,Decorar la caja,6,Jun,1,23,23,0,2,0,0,1,11,32000.0,1,nequi,confirmado,0.0,1.0,4,2,32000,whatsapp,individual,336,0.0,8000.0,0.186885,0.205128,0.0,0.092784,0.3,0.333333,1.0,0.0,0.186885,2,2,3,0,1,2
391,22,134,PED-20240603-391,2025-06-03,07:00:00,entregado,24000,whatsapp,,6,Jun,1,23,23,0,2,0,0,1,7,24000.0,1,efectivo,confirmado,0.0,0.0,5,3,24000,otro,empresa,360,0.0,4800.0,0.134426,0.153846,0.0,0.026804,0.4,0.666667,0.0,0.857143,0.134426,2,2,2,0,0,0
392,17,135,PED-20240604-392,2025-06-04,10:30:00,entregado,120000,whatsapp,Para regalo,6,Jun,2,23,23,0,2,0,0,1,10,120000.0,1,nequi,confirmado,0.0,1.0,3,1,120000,whatsapp,individual,338,0.0,40000.0,0.763934,0.769231,0.0,0.752577,0.2,0.0,0.75,0.071429,0.763934,2,2,3,0,1,2
393,4,135,PED-20240604-393,2025-06-04,10:30:00,cancelado,28000,whatsapp,Llamar antes,6,Jun,2,23,23,0,2,0,1,0,10,0.0,0,desconocido,sin_pago,0.0,0.0,1,1,28000,whatsapp,individual,337,28000.0,28000.0,0.160656,0.0,0.233333,0.505155,0.0,0.0,0.75,0.035714,0.160656,0,2,1,3,1,2
394,14,135,PED-20240604-394,2025-06-04,11:00:00,entregado,156000,manual,Llamar antes,6,Jun,2,23,23,0,2,0,0,1,11,156000.0,1,efectivo,confirmado,0.0,0.0,3,1,156000,whatsapp,individual,359,0.0,52000.0,1.0,1.0,0.0,1.0,0.2,0.0,1.0,0.821429,1.0,2,0,2,0,1,2
395,4,136,PED-20240605-395,2025-06-05,09:00:00,entregado,47500,whatsapp,Decorar la caja,6,Jun,3,23,23,0,2,0,0,1,9,47500.0,1,daviplata,confirmado,0.0,1.0,2,2,47500,whatsapp,individual,337,0.0,23750.0,0.288525,0.304487,0.0,0.417526,0.1,0.333333,0.5,0.035714,0.288525,2,2,0,0,1,2
396,3,137,PED-20240606-396,2025-06-06,10:30:00,entregado,78000,whatsapp,Pago contra entrega,6,Jun,4,23,23,0,2,0,0,1,10,78000.0,1,nequi,confirmado,0.0,1.0,3,1,78000,otro,individual,358,0.0,26000.0,0.488525,0.5,0.0,0.463918,0.2,0.0,0.75,0.785714,0.488525,2,2,3,0,1,0
397,12,137,PED-20240606-397,2025-06-06,09:00:00,entregado,22500,whatsapp,Llamar antes,6,Jun,4,23,23,0,2,0,0,1,9,22500.0,1,nequi,confirmado,0.0,1.0,3,1,22500,whatsapp,individual,353,0.0,7500.0,0.12459,0.144231,0.0,0.082474,0.2,0.0,0.5,0.607143,0.12459,2,2,3,0,1,2
398,1,138,PED-20240607-398,2025-06-07,07:00:00,entregado,35000,otro,Con tarjeta feliz cumpleaños,6,Jun,5,23,23,1,2,0,0,1,7,35000.0,1,nequi,pendiente,1.0,1.0,2,2,35000,whatsapp,individual,360,0.0,17500.0,0.206557,0.224359,0.0,0.28866,0.1,0.333333,0.0,0.857143,0.206557,2,1,3,1,1,2
399,22,138,PED-20240607-399,2025-06-07,08:00:00,entregado,9000,whatsapp,,6,Jun,5,23,23,1,2,0,0,1,8,9000.0,1,transferencia,confirmado,0.0,1.0,2,1,9000,otro,empresa,360,0.0,4500.0,0.036066,0.057692,0.0,0.020619,0.1,0.0,0.25,0.857143,0.036066,2,2,4,0,0,0
400,20,139,PED-20240608-400,2025-06-08,08:00:00,entregado,52000,whatsapp,,6,Jun,6,23,23,1,2,0,0,1,8,52000.0,1,efectivo,confirmado,0.0,0.0,1,1,52000,whatsapp,individual,340,0.0,52000.0,0.318033,0.333333,0.0,1.0,0.0,0.0,0.25,0.142857,0.318033,2,2,2,0,1,2
401,19,139,PED-20240608-401,2025-06-08,08:30:00,entregado,84000,whatsapp,Llamar antes,6,Jun,6,23,23,1,2,0,0,1,8,84000.0,1,nequi,confirmado,0.0,1.0,3,1,84000,whatsapp,individual,337,0.0,28000.0,0.527869,0.538462,0.0,0.505155,0.2,0.0,0.25,0.035714,0.527869,2,2,3,0,1,2
402,5,139,PED-20240608-402,2025-06-08,11:00:00,desconocido,35000,whatsapp,Para regalo,6,Jun,6,23,23,1,2,0,0,0,11,35000.0,1,nequi,rechazado,1.0,1.0,1,1,35000,whatsapp,individual,349,0.0,35000.0,0.206557,0.224359,0.0,0.649485,0.0,0.0,1.0,0.464286,0.206557,1,2,3,2,1,2
403,11,140,PED-20240610-403,2025-06-10,08:00:00,entregado,26000,whatsapp,Para regalo,6,Jun,1,24,24,0,2,0,0,1,8,26000.0,1,transferencia,confirmado,0.0,1.0,1,1,26000,whatsapp,individual,336,0.0,26000.0,0.147541,0.166667,0.0,0.463918,0.0,0.0,0.25,0.0,0.147541,2,2,4,0,1,2
404,23,140,PED-20240610-404,2025-06-10,11:30:00,entregado,48000,whatsapp,Pago contra entrega,6,Jun,1,24,24,0,2,0,0,1,11,48000.0,1,daviplata,confirmado,0.0,1.0,3,2,48000,whatsapp,empresa,355,0.0,16000.0,0.291803,0.307692,0.0,0.257732,0.2,0.333333,1.0,0.678571,0.291803,2,2,0,0,0,2
405,19,140,PED-20240610-405,2025-06-10,10:00:00,entregado,36000,whatsapp,,6,Jun,1,24,24,0,2,0,0,1,10,36000.0,1,nequi,confirmado,0.0,1.0,2,2,36000,whatsapp,individual,337,0.0,18000.0,0.213115,0.230769,0.0,0.298969,0.1,0.333333,0.75,0.035714,0.213115,2,2,3,0,1,2
406,19,141,PED-20240611-406,2025-06-11,07:30:00,entregado,120000,whatsapp,,6,Jun,2,24,24,0,2,0,0,1,7,120000.0,1,nequi,confirmado,0.0,1.0,3,1,120000,whatsapp,individual,337,0.0,40000.0,0.763934,0.769231,0.0,0.752577,0.2,0.0,0.0,0.035714,0.763934,2,2,3,0,1,2
407,2,141,PED-20240611-407,2025-06-11,10:30:00,entregado,26500,whatsapp,Con tarjeta feliz cumpleaños,6,Jun,2,24,24,0,2,0,0,1,10,26500.0,1,nequi,rechazado,1.0,1.0,3,3,26500,otro,individual,362,0.0,8833.33,0.15082,0.169872,0.0,0.109966,0.2,0.666667,0.75,0.928571,0.15082,2,2,3,2,1,0
408,21,141,PED-20240611-408,2025-06-11,08:30:00,entregado,46000,whatsapp,Para regalo,6,Jun,2,24,24,0,2,0,0,1,8,46000.0,1,efectivo,confirmado,0.0,0.0,3,2,46000,presencial,empresa,351,0.0,15333.33,0.278689,0.294872,0.0,0.243986,0.2,0.333333,0.25,0.535714,0.278689,2,2,2,0,0,1
409,13,142,PED-20240612-409,2025-06-12,10:30:00,entregado,52000,whatsapp,Para regalo,6,Jun,3,24,24,0,2,0,0,1,10,52000.0,1,transferencia,pendiente,1.0,1.0,1,1,52000,whatsapp,individual,345,0.0,52000.0,0.318033,0.333333,0.0,1.0,0.0,0.0,0.75,0.321429,0.318033,2,2,4,1,1,2
410,8,143,PED-20240613-410,2025-06-13,11:00:00,entregado,41000,whatsapp,Decorar la caja,6,Jun,4,24,24,0,2,0,0,1,11,41000.0,1,daviplata,confirmado,0.0,1.0,2,2,41000,presencial,individual,345,0.0,20500.0,0.245902,0.262821,0.0,0.350515,0.1,0.333333,1.0,0.321429,0.245902,2,2,0,0,1,1
411,23,143,PED-20240613-411,2025-06-13,09:30:00,entregado,78000,whatsapp,,6,Jun,4,24,24,0,2,0,0,1,9,78000.0,1,nequi,confirmado,0.0,1.0,3,1,78000,whatsapp,empresa,355,0.0,26000.0,0.488525,0.5,0.0,0.463918,0.2,0.0,0.5,0.678571,0.488525,2,2,3,0,0,2
412,25,144,PED-20240614-412,2025-06-14,11:00:00,entregado,35000,whatsapp,Con tarjeta feliz cumpleaños,6,Jun,5,24,24,1,2,0,0,1,11,35000.0,1,transferencia,confirmado,0.0,1.0,1,1,35000,whatsapp,empresa,343,0.0,35000.0,0.206557,0.224359,0.0,0.649485,0.0,0.0,1.0,0.25,0.206557,2,2,4,0,0,2
413,2,145,PED-20240615-413,2025-06-15,08:30:00,entregado,40500,whatsapp,,6,Jun,6,24,24,1,2,1,0,1,8,40500.0,1,efectivo,confirmado,0.0,0.0,2,2,40500,otro,individual,362,0.0,20250.0,0.242623,0.259615,0.0,0.345361,0.1,0.333333,0.25,0.928571,0.242623,2,2,2,0,1,0
414,15,145,PED-20240615-414,2025-06-15,09:00:00,desconocido,84000,whatsapp,Decorar la caja,6,Jun,6,24,24,1,2,1,0,0,9,84000.0,1,daviplata,confirmado,0.0,1.0,3,1,84000,whatsapp,individual,337,0.0,28000.0,0.527869,0.538462,0.0,0.505155,0.2,0.0,0.5,0.035714,0.527869,1,2,0,0,1,2
415,25,145,PED-20240615-415,2025-06-15,10:00:00,entregado,33000,otro,Entregar en portería,6,Jun,6,24,24,1,2,1,0,1,10,33000.0,1,transferencia,confirmado,0.0,1.0,1,1,33000,whatsapp,empresa,343,0.0,33000.0,0.193443,0.211538,0.0,0.608247,0.0,0.0,0.75,0.25,0.193443,2,1,4,0,0,2
416,15,145,PED-20240615-416,2025-06-15,09:30:00,entregado,105000,whatsapp,,6,Jun,6,24,24,1,2,1,0,1,9,105000.0,1,transferencia,confirmado,0.0,1.0,3,1,105000,whatsapp,individual,337,0.0,35000.0,0.665574,0.673077,0.0,0.649485,0.2,0.0,0.5,0.035714,0.665574,2,2,4,0,1,2
417,23,145,PED-20240615-417,2025-06-15,09:00:00,entregado,56000,whatsapp,Decorar la caja,6,Jun,6,24,24,1,2,1,0,1,9,56000.0,1,efectivo,confirmado,0.0,0.0,2,1,56000,whatsapp,empresa,355,0.0,28000.0,0.344262,0.358974,0.0,0.505155,0.1,0.0,0.5,0.678571,0.344262,2,2,2,0,0,2
418,11,145,PED-20240615-418,2025-06-15,11:00:00,entregado,64000,whatsapp,Para regalo,6,Jun,6,24,24,1,2,1,0,1,11,64000.0,1,daviplata,confirmado,0.0,1.0,8,4,64000,whatsapp,individual,336,0.0,8000.0,0.396721,0.410256,0.0,0.092784,0.7,1.0,1.0,0.0,0.396721,2,2,0,0,1,2
419,3,145,PED-20240615-419,2025-06-15,07:00:00,entregado,52000,whatsapp,Con tarjeta feliz cumpleaños,6,Jun,6,24,24,1,2,1,0,1,7,52000.0,1,nequi,rechazado,1.0,1.0,2,1,52000,otro,individual,358,0.0,26000.0,0.318033,0.333333,0.0,0.463918,0.1,0.0,0.0,0.785714,0.318033,2,2,3,2,1,0
420,5,145,PED-20240615-420,2025-06-15,09:00:00,entregado,28000,manual,Para regalo,6,Jun,6,24,24,1,2,1,0,1,9,28000.0,1,transferencia,confirmado,0.0,1.0,1,1,28000,whatsapp,individual,349,0.0,28000.0,0.160656,0.179487,0.0,0.505155,0.0,0.0,0.5,0.464286,0.160656,2,0,4,0,1,2
421,1,145,PED-20240615-421,2025-06-15,08:00:00,entregado,52000,otro,,6,Jun,6,24,24,1,2,1,0,1,8,52000.0,1,transferencia,pendiente,1.0,1.0,2,1,52000,whatsapp,individual,360,0.0,26000.0,0.318033,0.333333,0.0,0.463918,0.1,0.0,0.25,0.857143,0.318033,2,1,4,1,1,2
422,6,146,PED-20240616-422,2025-06-16,11:30:00,entregado,65000,whatsapp,,6,Jun,0,25,25,0,2,0,0,1,11,65000.0,1,transferencia,confirmado,0.0,1.0,3,2,65000,presencial,individual,358,0.0,21666.67,0.403279,0.416667,0.0,0.374571,0.2,0.333333,1.0,0.785714,0.403279,2,2,4,0,1,1
423,20,146,PED-20240616-423,2025-06-16,07:30:00,entregado,33000,manual,,6,Jun,0,25,25,0,2,0,0,1,7,33000.0,1,transferencia,confirmado,0.0,1.0,5,3,33000,whatsapp,individual,340,0.0,6600.0,0.193443,0.211538,0.0,0.063918,0.4,0.666667,0.0,0.142857,0.193443,2,0,4,0,1,2
424,14,146,PED-20240616-424,2025-06-16,09:30:00,entregado,84000,whatsapp,Con tarjeta feliz cumpleaños,6,Jun,0,25,25,0,2,0,0,1,9,84000.0,1,daviplata,confirmado,0.0,1.0,3,1,84000,whatsapp,individual,359,0.0,28000.0,0.527869,0.538462,0.0,0.505155,0.2,0.0,0.5,0.821429,0.527869,2,2,0,0,1,2
425,3,146,PED-20240616-425,2025-06-16,11:30:00,entregado,84000,whatsapp,Para regalo,6,Jun,0,25,25,0,2,0,0,1,11,84000.0,1,transferencia,confirmado,0.0,1.0,3,1,84000,otro,individual,358,0.0,28000.0,0.527869,0.538462,0.0,0.505155,0.2,0.0,1.0,0.785714,0.527869,2,2,4,0,1,0
426,24,146,PED-20240616-426,2025-06-16,07:00:00,entregado,26000,whatsapp,Pago contra entrega,6,Jun,0,25,25,0,2,0,0,1,7,26000.0,1,transferencia,confirmado,0.0,1.0,1,1,26000,whatsapp,empresa,364,0.0,26000.0,0.147541,0.166667,0.0,0.463918,0.0,0.0,0.0,1.0,0.147541,2,2,4,0,0,2
427,10,146,PED-20240616-427,2025-06-16,10:00:00,entregado,49000,whatsapp,Decorar la caja,6,Jun,0,25,25,0,2,0,0,1,10,49000.0,1,nequi,pendiente,1.0,1.0,2,2,49000,whatsapp,individual,345,0.0,24500.0,0.298361,0.314103,0.0,0.43299,0.1,0.333333,0.75,0.321429,0.298361,2,2,3,1,1,2
428,25,146,PED-20240616-428,2025-06-16,07:00:00,entregado,22500,whatsapp,Para regalo,6,Jun,0,25,25,0,2,0,0,1,7,22500.0,1,efectivo,confirmado,0.0,0.0,3,1,22500,whatsapp,empresa,343,0.0,7500.0,0.12459,0.144231,0.0,0.082474,0.2,0.0,0.0,0.25,0.12459,2,2,2,0,0,2
429,19,146,PED-20240616-429,2025-06-16,08:00:00,entregado,24000,whatsapp,Decorar la caja,6,Jun,0,25,25,0,2,0,0,1,8,24000.0,1,transferencia,confirmado,0.0,1.0,3,1,24000,whatsapp,individual,337,0.0,8000.0,0.134426,0.153846,0.0,0.092784,0.2,0.0,0.25,0.035714,0.134426,2,2,4,0,1,2
430,7,146,PED-20240616-430,2025-06-16,07:00:00,entregado,78000,whatsapp,Entregar en portería,6,Jun,0,25,25,0,2,0,0,1,7,78000.0,1,nequi,rechazado,1.0,1.0,3,1,78000,otro,individual,350,0.0,26000.0,0.488525,0.5,0.0,0.463918,0.2,0.0,0.0,0.5,0.488525,2,2,3,2,1,0
431,8,146,PED-20240616-431,2025-06-16,11:30:00,entregado,36500,whatsapp,,6,Jun,0,25,25,0,2,0,0,1,11,36500.0,1,daviplata,pendiente,1.0,1.0,5,3,36500,presencial,individual,345,0.0,7300.0,0.216393,0.233974,0.0,0.078351,0.4,0.666667,1.0,0.321429,0.216393,2,2,0,1,1,1
432,6,147,PED-20240617-432,2025-06-17,10:00:00,entregado,33000,manual,Decorar la caja,6,Jun,1,25,25,0,2,0,0,1,10,33000.0,1,transferencia,rechazado,1.0,1.0,4,3,33000,presencial,individual,358,0.0,8250.0,0.193443,0.211538,0.0,0.097938,0.3,0.666667,0.75,0.785714,0.193443,2,0,4,2,1,1
433,10,147,PED-20240617-433,2025-06-17,10:00:00,entregado,35500,whatsapp,Con tarjeta feliz cumpleaños,6,Jun,1,25,25,0,2,0,0,1,10,35500.0,1,efectivo,pendiente,1.0,0.0,2,2,35500,whatsapp,individual,345,0.0,17750.0,0.209836,0.227564,0.0,0.293814,0.1,0.333333,0.75,0.321429,0.209836,2,2,2,1,1,2
434,9,148,PED-20240618-434,2025-06-18,10:00:00,entregado,56000,whatsapp,Pago contra entrega,6,Jun,2,25,25,0,2,0,0,1,10,56000.0,1,nequi,confirmado,0.0,1.0,2,1,56000,whatsapp,individual,349,0.0,28000.0,0.344262,0.358974,0.0,0.505155,0.1,0.0,0.75,0.464286,0.344262,2,2,3,0,1,2
435,14,149,PED-20240619-435,2025-06-19,11:30:00,desconocido,33000,whatsapp,Pago contra entrega,6,Jun,3,25,25,0,2,0,0,0,11,33000.0,1,efectivo,confirmado,0.0,0.0,1,1,33000,whatsapp,individual,359,0.0,33000.0,0.193443,0.211538,0.0,0.608247,0.0,0.0,1.0,0.821429,0.193443,1,2,2,0,1,2
436,9,149,PED-20240619-436,2025-06-19,11:00:00,entregado,104000,manual,,6,Jun,3,25,25,0,2,0,0,1,11,104000.0,1,nequi,confirmado,0.0,1.0,2,1,104000,whatsapp,individual,349,0.0,52000.0,0.659016,0.666667,0.0,1.0,0.1,0.0,1.0,0.464286,0.659016,2,0,3,0,1,2
437,18,149,PED-20240619-437,2025-06-19,08:30:00,entregado,17000,whatsapp,Decorar la caja,6,Jun,3,25,25,0,2,0,0,1,8,17000.0,1,nequi,confirmado,0.0,1.0,2,2,17000,whatsapp,individual,336,0.0,8500.0,0.088525,0.108974,0.0,0.103093,0.1,0.333333,0.25,0.0,0.088525,2,2,3,0,1,2
438,5,150,PED-20240620-438,2025-06-20,10:30:00,entregado,35000,whatsapp,Para regalo,6,Jun,4,25,25,0,2,0,0,1,10,35000.0,1,daviplata,confirmado,0.0,1.0,1,1,35000,whatsapp,individual,349,0.0,35000.0,0.206557,0.224359,0.0,0.649485,0.0,0.0,0.75,0.464286,0.206557,2,2,0,0,1,2
439,18,150,PED-20240620-439,2025-06-20,08:00:00,entregado,43500,whatsapp,,6,Jun,4,25,25,0,2,0,0,1,8,43500.0,1,nequi,confirmado,0.0,1.0,5,2,43500,whatsapp,individual,336,0.0,8700.0,0.262295,0.278846,0.0,0.107216,0.4,0.333333,0.25,0.0,0.262295,2,2,3,0,1,2
440,19,151,PED-20240621-440,2025-06-21,09:30:00,entregado,60500,whatsapp,Decorar la caja,6,Jun,5,25,25,1,2,0,0,1,9,60500.0,1,daviplata,pendiente,1.0,1.0,8,4,60500,whatsapp,individual,337,0.0,7562.5,0.37377,0.387821,0.0,0.083763,0.7,1.0,0.5,0.035714,0.37377,2,2,0,1,1,2
441,24,151,PED-20240621-441,2025-06-21,09:00:00,desconocido,37000,whatsapp,Para regalo,6,Jun,5,25,25,1,2,0,0,0,9,37000.0,1,daviplata,confirmado,0.0,1.0,2,2,37000,whatsapp,empresa,364,0.0,18500.0,0.219672,0.237179,0.0,0.309278,0.1,0.333333,0.5,1.0,0.219672,1,2,0,0,0,2
442,9,151,PED-20240621-442,2025-06-21,07:00:00,entregado,80000,whatsapp,Para regalo,6,Jun,5,25,25,1,2,0,0,1,7,80000.0,1,transferencia,confirmado,0.0,1.0,2,1,80000,whatsapp,individual,349,0.0,40000.0,0.501639,0.512821,0.0,0.752577,0.1,0.0,0.0,0.464286,0.501639,2,2,4,0,1,2
443,3,152,PED-20240622-443,2025-06-22,11:00:00,entregado,52000,whatsapp,Entregar en portería,6,Jun,6,25,25,1,2,0,0,1,11,52000.0,1,transferencia,confirmado,0.0,1.0,2,1,52000,otro,individual,358,0.0,26000.0,0.318033,0.333333,0.0,0.463918,0.1,0.0,1.0,0.785714,0.318033,2,2,4,0,1,0
444,17,152,PED-20240622-444,2025-06-22,07:00:00,entregado,43000,whatsapp,Llamar antes,6,Jun,6,25,25,1,2,0,0,1,7,43000.0,1,nequi,confirmado,0.0,1.0,3,2,43000,whatsapp,individual,338,0.0,14333.33,0.259016,0.275641,0.0,0.223368,0.2,0.333333,0.0,0.071429,0.259016,2,2,3,0,1,2
445,7,152,PED-20240622-445,2025-06-22,11:30:00,entregado,50000,whatsapp,,6,Jun,6,25,25,1,2,0,0,1,11,50000.0,1,nequi,confirmado,0.0,1.0,6,3,50000,otro,individual,350,0.0,8333.33,0.304918,0.320513,0.0,0.099656,0.5,0.666667,1.0,0.5,0.304918,2,2,3,0,1,0
446,9,153,PED-20240624-446,2025-06-24,10:30:00,entregado,56000,whatsapp,,6,Jun,1,26,26,0,2,0,0,1,10,56000.0,1,nequi,confirmado,0.0,1.0,2,1,56000,whatsapp,individual,349,0.0,28000.0,0.344262,0.358974,0.0,0.505155,0.1,0.0,0.75,0.464286,0.344262,2,2,3,0,1,2
447,4,153,PED-20240624-447,2025-06-24,08:00:00,desconocido,40000,whatsapp,,6,Jun,1,26,26,0,2,0,0,0,8,40000.0,1,nequi,confirmado,0.0,1.0,1,1,40000,whatsapp,individual,337,0.0,40000.0,0.239344,0.25641,0.0,0.752577,0.0,0.0,0.25,0.035714,0.239344,1,2,3,0,1,2
448,19,154,PED-20240625-448,2025-06-25,10:00:00,entregado,52000,otro,Llamar antes,6,Jun,2,26,26,0,2,0,0,1,10,52000.0,1,transferencia,confirmado,0.0,1.0,1,1,52000,whatsapp,individual,337,0.0,52000.0,0.318033,0.333333,0.0,1.0,0.0,0.0,0.75,0.035714,0.318033,2,1,4,0,1,2
449,3,154,PED-20240625-449,2025-06-25,10:30:00,entregado,104000,whatsapp,Llamar antes,6,Jun,2,26,26,0,2,0,0,1,10,104000.0,1,nequi,confirmado,0.0,1.0,2,1,104000,otro,individual,358,0.0,52000.0,0.659016,0.666667,0.0,1.0,0.1,0.0,0.75,0.785714,0.659016,2,2,3,0,1,0
450,12,154,PED-20240625-450,2025-06-25,08:30:00,entregado,44000,whatsapp,Pago contra entrega,6,Jun,2,26,26,0,2,0,0,1,8,44000.0,1,nequi,pendiente,1.0,1.0,3,2,44000,whatsapp,individual,353,0.0,14666.67,0.265574,0.282051,0.0,0.230241,0.2,0.333333,0.25,0.607143,0.265574,2,2,3,1,1,2
451,15,155,PED-20240626-451,2025-06-26,10:30:00,entregado,84000,whatsapp,Decorar la caja,6,Jun,3,26,26,0,2,0,0,1,10,84000.0,1,transferencia,confirmado,0.0,1.0,3,1,84000,whatsapp,individual,337,0.0,28000.0,0.527869,0.538462,0.0,0.505155,0.2,0.0,0.75,0.035714,0.527869,2,2,4,0,1,2
452,1,155,PED-20240626-452,2025-06-26,08:30:00,entregado,13500,whatsapp,,6,Jun,3,26,26,0,2,0,0,1,8,13500.0,1,transferencia,confirmado,0.0,1.0,3,1,13500,whatsapp,individual,360,0.0,4500.0,0.065574,0.086538,0.0,0.020619,0.2,0.0,0.25,0.857143,0.065574,2,2,4,0,1,2
453,7,155,PED-20240626-453,2025-06-26,11:00:00,entregado,30500,whatsapp,Pago contra entrega,6,Jun,3,26,26,0,2,0,0,1,11,30500.0,1,efectivo,rechazado,1.0,0.0,2,2,30500,otro,individual,350,0.0,15250.0,0.177049,0.195513,0.0,0.242268,0.1,0.333333,1.0,0.5,0.177049,2,2,2,2,1,0
454,2,156,PED-20240627-454,2025-06-27,07:30:00,entregado,45000,whatsapp,,6,Jun,4,26,26,0,2,0,0,1,7,45000.0,1,daviplata,confirmado,0.0,1.0,3,2,45000,otro,individual,362,0.0,15000.0,0.272131,0.288462,0.0,0.237113,0.2,0.333333,0.0,0.928571,0.272131,2,2,0,0,1,0
455,4,156,PED-20240627-455,2025-06-27,11:00:00,entregado,56000,whatsapp,Decorar la caja,6,Jun,4,26,26,0,2,0,0,1,11,56000.0,1,nequi,confirmado,0.0,1.0,2,1,56000,whatsapp,individual,337,0.0,28000.0,0.344262,0.358974,0.0,0.505155,0.1,0.0,1.0,0.035714,0.344262,2,2,3,0,1,2
456,22,156,PED-20240627-456,2025-06-27,10:00:00,entregado,18000,whatsapp,Pago contra entrega,6,Jun,4,26,26,0,2,0,0,1,10,18000.0,1,daviplata,pendiente,1.0,1.0,2,1,18000,otro,empresa,360,0.0,9000.0,0.095082,0.115385,0.0,0.113402,0.1,0.0,0.75,0.857143,0.095082,2,2,0,1,0,0
457,18,157,PED-20240628-457,2025-06-28,08:30:00,entregado,78000,whatsapp,,6,Jun,5,26,26,1,2,0,0,1,8,78000.0,1,daviplata,confirmado,0.0,1.0,3,1,78000,whatsapp,individual,336,0.0,26000.0,0.488525,0.5,0.0,0.463918,0.2,0.0,0.25,0.0,0.488525,2,2,0,0,1,2
458,6,157,PED-20240628-458,2025-06-28,08:00:00,entregado,52000,whatsapp,Llamar antes,6,Jun,5,26,26,1,2,0,0,1,8,52000.0,1,nequi,confirmado,0.0,1.0,2,1,52000,presencial,individual,358,0.0,26000.0,0.318033,0.333333,0.0,0.463918,0.1,0.0,0.25,0.785714,0.318033,2,2,3,0,1,1
459,8,158,PED-20240629-459,2025-06-29,10:00:00,entregado,105000,whatsapp,Decorar la caja,6,Jun,6,26,26,1,2,0,0,1,10,105000.0,1,transferencia,pendiente,1.0,1.0,3,1,105000,presencial,individual,345,0.0,35000.0,0.665574,0.673077,0.0,0.649485,0.2,0.0,0.75,0.321429,0.665574,2,2,4,1,1,1
460,9,158,PED-20240629-460,2025-06-29,08:30:00,entregado,34500,whatsapp,Para regalo,6,Jun,6,26,26,1,2,0,0,1,8,34500.0,1,nequi,confirmado,0.0,1.0,2,2,34500,whatsapp,individual,349,0.0,17250.0,0.203279,0.221154,0.0,0.283505,0.1,0.333333,0.25,0.464286,0.203279,2,2,3,0,1,2
461,13,158,PED-20240629-461,2025-06-29,07:30:00,entregado,57000,whatsapp,Con tarjeta feliz cumpleaños,6,Jun,6,26,26,1,2,0,0,1,7,57000.0,1,daviplata,confirmado,0.0,1.0,7,3,57000,whatsapp,individual,345,0.0,8142.86,0.35082,0.365385,0.0,0.095729,0.6,0.666667,0.0,0.321429,0.35082,2,2,0,0,1,2
462,3,158,PED-20240629-462,2025-06-29,11:30:00,entregado,105000,whatsapp,Con tarjeta feliz cumpleaños,6,Jun,6,26,26,1,2,0,0,1,11,105000.0,1,efectivo,pendiente,1.0,0.0,3,1,105000,otro,individual,358,0.0,35000.0,0.665574,0.673077,0.0,0.649485,0.2,0.0,1.0,0.785714,0.665574,2,2,2,1,1,0
463,1,159,PED-20240701-463,2025-07-01,07:00:00,entregado,26000,whatsapp,Con tarjeta feliz cumpleaños,7,Jul,1,27,27,0,3,0,0,1,7,26000.0,1,transferencia,confirmado,0.0,1.0,1,1,26000,whatsapp,individual,360,0.0,26000.0,0.147541,0.166667,0.0,0.463918,0.0,0.0,0.0,0.857143,0.147541,2,2,4,0,1,2
464,20,160,PED-20240702-464,2025-07-02,09:00:00,entregado,33000,whatsapp,Llamar antes,7,Jul,2,27,27,0,3,0,0,1,9,33000.0,1,nequi,confirmado,0.0,1.0,1,1,33000,whatsapp,individual,340,0.0,33000.0,0.193443,0.211538,0.0,0.608247,0.0,0.0,0.5,0.142857,0.193443,2,2,3,0,1,2
465,18,160,PED-20240702-465,2025-07-02,07:00:00,entregado,46500,whatsapp,,7,Jul,2,27,27,0,3,0,0,1,7,46500.0,1,nequi,confirmado,0.0,1.0,2,2,46500,whatsapp,individual,336,0.0,23250.0,0.281967,0.298077,0.0,0.407216,0.1,0.333333,0.0,0.0,0.281967,2,2,3,0,1,2
466,25,160,PED-20240702-466,2025-07-02,09:30:00,entregado,35500,whatsapp,Para regalo,7,Jul,2,27,27,0,3,0,0,1,9,35500.0,1,nequi,confirmado,0.0,1.0,5,3,35500,whatsapp,empresa,343,0.0,7100.0,0.209836,0.227564,0.0,0.074227,0.4,0.666667,0.5,0.25,0.209836,2,2,3,0,0,2
467,19,161,PED-20240703-467,2025-07-03,11:00:00,entregado,40000,whatsapp,Llamar antes,7,Jul,3,27,27,0,3,0,0,1,11,40000.0,1,efectivo,confirmado,0.0,0.0,1,1,40000,whatsapp,individual,337,0.0,40000.0,0.239344,0.25641,0.0,0.752577,0.0,0.0,1.0,0.035714,0.239344,2,2,2,0,1,2
468,19,162,PED-20240704-468,2025-07-04,09:30:00,entregado,99000,whatsapp,,7,Jul,4,27,27,0,3,0,0,1,9,99000.0,1,transferencia,confirmado,0.0,1.0,3,1,99000,whatsapp,individual,337,0.0,33000.0,0.62623,0.634615,0.0,0.608247,0.2,0.0,0.5,0.035714,0.62623,2,2,4,0,1,2
469,24,163,PED-20240705-469,2025-07-05,10:30:00,entregado,50500,whatsapp,,7,Jul,5,27,27,1,3,0,0,1,10,50500.0,1,daviplata,rechazado,1.0,1.0,6,4,50500,whatsapp,empresa,364,0.0,8416.67,0.308197,0.323718,0.0,0.101375,0.5,1.0,0.75,1.0,0.308197,2,2,0,2,0,2
470,10,164,PED-20240706-470,2025-07-06,07:00:00,entregado,35000,whatsapp,Entregar en portería,7,Jul,6,27,27,1,3,0,0,1,7,35000.0,1,nequi,confirmado,0.0,1.0,1,1,35000,whatsapp,individual,345,0.0,35000.0,0.206557,0.224359,0.0,0.649485,0.0,0.0,0.0,0.321429,0.206557,2,2,3,0,1,2
471,19,164,PED-20240706-471,2025-07-06,07:30:00,entregado,84000,whatsapp,Llamar antes,7,Jul,6,27,27,1,3,0,0,1,7,84000.0,1,efectivo,confirmado,0.0,0.0,3,1,84000,whatsapp,individual,337,0.0,28000.0,0.527869,0.538462,0.0,0.505155,0.2,0.0,0.0,0.035714,0.527869,2,2,2,0,1,2
472,6,164,PED-20240706-472,2025-07-06,10:00:00,entregado,39500,whatsapp,Entregar en portería,7,Jul,6,27,27,1,3,0,0,1,10,39500.0,1,nequi,confirmado,0.0,1.0,2,2,39500,presencial,individual,358,0.0,19750.0,0.236066,0.253205,0.0,0.335052,0.1,0.333333,0.75,0.785714,0.236066,2,2,3,0,1,1
473,4,165,PED-20240708-473,2025-07-08,10:30:00,entregado,35000,whatsapp,Para regalo,7,Jul,1,28,28,0,3,0,0,1,10,35000.0,1,nequi,confirmado,0.0,1.0,1,1,35000,whatsapp,individual,337,0.0,35000.0,0.206557,0.224359,0.0,0.649485,0.0,0.0,0.75,0.035714,0.206557,2,2,3,0,1,2
474,18,166,PED-20240709-474,2025-07-09,11:00:00,entregado,41000,manual,Decorar la caja,7,Jul,2,28,28,0,3,0,0,1,11,41000.0,1,efectivo,confirmado,0.0,0.0,3,2,41000,whatsapp,individual,336,0.0,13666.67,0.245902,0.262821,0.0,0.209622,0.2,0.333333,1.0,0.0,0.245902,2,0,2,0,1,2
475,12,166,PED-20240709-475,2025-07-09,08:30:00,entregado,28000,whatsapp,Con tarjeta feliz cumpleaños,7,Jul,2,28,28,0,3,0,0,1,8,28000.0,1,nequi,confirmado,0.0,1.0,1,1,28000,whatsapp,individual,353,0.0,28000.0,0.160656,0.179487,0.0,0.505155,0.0,0.0,0.25,0.607143,0.160656,2,2,3,0,1,2
476,5,166,PED-20240709-476,2025-07-09,07:00:00,entregado,50500,whatsapp,Entregar en portería,7,Jul,2,28,28,0,3,0,0,1,7,50500.0,1,nequi,pendiente,1.0,1.0,6,3,50500,whatsapp,individual,349,0.0,8416.67,0.308197,0.323718,0.0,0.101375,0.5,0.666667,0.0,0.464286,0.308197,2,2,3,1,1,2
477,1,167,PED-20240710-477,2025-07-10,09:30:00,entregado,58500,whatsapp,Pago contra entrega,7,Jul,3,28,28,0,3,0,0,1,9,58500.0,1,transferencia,pendiente,1.0,1.0,7,3,58500,whatsapp,individual,360,0.0,8357.14,0.360656,0.375,0.0,0.100147,0.6,0.666667,0.5,0.857143,0.360656,2,2,4,1,1,2
478,10,167,PED-20240710-478,2025-07-10,07:00:00,entregado,7500,whatsapp,,7,Jul,3,28,28,0,3,0,0,1,7,7500.0,1,nequi,pendiente,1.0,1.0,1,1,7500,whatsapp,individual,345,0.0,7500.0,0.02623,0.048077,0.0,0.082474,0.0,0.0,0.0,0.321429,0.02623,2,2,3,1,1,2
479,24,168,PED-20240711-479,2025-07-11,09:00:00,entregado,35000,whatsapp,Decorar la caja,7,Jul,4,28,28,0,3,0,0,1,9,35000.0,1,nequi,confirmado,0.0,1.0,1,1,35000,whatsapp,empresa,364,0.0,35000.0,0.206557,0.224359,0.0,0.649485,0.0,0.0,0.5,1.0,0.206557,2,2,3,0,0,2
480,12,168,PED-20240711-480,2025-07-11,07:30:00,entregado,19500,whatsapp,Llamar antes,7,Jul,4,28,28,0,3,0,0,1,7,19500.0,1,transferencia,confirmado,0.0,1.0,3,1,19500,whatsapp,individual,353,0.0,6500.0,0.104918,0.125,0.0,0.061856,0.2,0.0,0.0,0.607143,0.104918,2,2,4,0,1,2
481,18,169,PED-20240712-481,2025-07-12,07:00:00,entregado,84000,otro,Entregar en portería,7,Jul,5,28,28,1,3,0,0,1,7,84000.0,1,transferencia,confirmado,0.0,1.0,3,1,84000,whatsapp,individual,336,0.0,28000.0,0.527869,0.538462,0.0,0.505155,0.2,0.0,0.0,0.0,0.527869,2,1,4,0,1,2
482,6,169,PED-20240712-482,2025-07-12,09:30:00,desconocido,70000,whatsapp,Para regalo,7,Jul,5,28,28,1,3,0,0,0,9,70000.0,1,transferencia,confirmado,0.0,1.0,2,1,70000,presencial,individual,358,0.0,35000.0,0.436066,0.448718,0.0,0.649485,0.1,0.0,0.5,0.785714,0.436066,1,2,4,0,1,1
483,10,169,PED-20240712-483,2025-07-12,11:00:00,entregado,20500,whatsapp,Con tarjeta feliz cumpleaños,7,Jul,5,28,28,1,3,0,0,1,11,20500.0,1,transferencia,confirmado,0.0,1.0,5,2,20500,whatsapp,individual,345,0.0,4100.0,0.111475,0.13141,0.0,0.012371,0.4,0.333333,1.0,0.321429,0.111475,2,2,4,0,1,2
484,14,170,PED-20240713-484,2025-07-13,07:00:00,entregado,52000,whatsapp,Pago contra entrega,7,Jul,6,28,28,1,3,0,0,1,7,52000.0,1,transferencia,confirmado,0.0,1.0,1,1,52000,whatsapp,individual,359,0.0,52000.0,0.318033,0.333333,0.0,1.0,0.0,0.0,0.0,0.821429,0.318033,2,2,4,0,1,2
485,5,170,PED-20240713-485,2025-07-13,07:00:00,entregado,104000,whatsapp,Decorar la caja,7,Jul,6,28,28,1,3,0,0,1,7,104000.0,1,transferencia,pendiente,1.0,1.0,2,1,104000,whatsapp,individual,349,0.0,52000.0,0.659016,0.666667,0.0,1.0,0.1,0.0,0.0,0.464286,0.659016,2,2,4,1,1,2
486,24,171,PED-20240715-486,2025-07-15,11:30:00,entregado,99000,manual,Para regalo,7,Jul,1,29,29,0,3,0,0,1,11,99000.0,1,nequi,pendiente,1.0,1.0,3,1,99000,whatsapp,empresa,364,0.0,33000.0,0.62623,0.634615,0.0,0.608247,0.2,0.0,1.0,1.0,0.62623,2,0,3,1,0,2
487,16,171,PED-20240715-487,2025-07-15,07:00:00,entregado,105000,whatsapp,Con tarjeta feliz cumpleaños,7,Jul,1,29,29,0,3,0,0,1,7,105000.0,1,daviplata,pendiente,1.0,1.0,3,1,105000,otro,individual,355,0.0,35000.0,0.665574,0.673077,0.0,0.649485,0.2,0.0,0.0,0.678571,0.665574,2,2,0,1,1,0
488,21,172,PED-20240716-488,2025-07-16,09:30:00,entregado,35000,manual,,7,Jul,2,29,29,0,3,0,0,1,9,35000.0,1,efectivo,confirmado,0.0,0.0,3,2,35000,presencial,empresa,351,0.0,11666.67,0.206557,0.224359,0.0,0.168385,0.2,0.333333,0.5,0.535714,0.206557,2,0,2,0,0,1
489,6,172,PED-20240716-489,2025-07-16,08:00:00,entregado,104000,otro,Entregar en portería,7,Jul,2,29,29,0,3,0,0,1,8,104000.0,1,transferencia,confirmado,0.0,1.0,2,1,104000,presencial,individual,358,0.0,52000.0,0.659016,0.666667,0.0,1.0,0.1,0.0,0.25,0.785714,0.659016,2,1,4,0,1,1
490,16,172,PED-20240716-490,2025-07-16,11:00:00,entregado,69000,whatsapp,Pago contra entrega,7,Jul,2,29,29,0,3,0,0,1,11,69000.0,1,transferencia,confirmado,0.0,1.0,3,2,69000,otro,individual,355,0.0,23000.0,0.429508,0.442308,0.0,0.402062,0.2,0.333333,1.0,0.678571,0.429508,2,2,4,0,1,0
491,14,173,PED-20240717-491,2025-07-17,07:00:00,entregado,99000,whatsapp,Para regalo,7,Jul,3,29,29,0,3,0,0,1,7,99000.0,1,nequi,confirmado,0.0,1.0,3,1,99000,whatsapp,individual,359,0.0,33000.0,0.62623,0.634615,0.0,0.608247,0.2,0.0,0.0,0.821429,0.62623,2,2,3,0,1,2
492,4,173,PED-20240717-492,2025-07-17,08:00:00,entregado,34500,whatsapp,Pago contra entrega,7,Jul,3,29,29,0,3,0,0,1,8,34500.0,1,nequi,confirmado,0.0,1.0,2,2,34500,whatsapp,individual,337,0.0,17250.0,0.203279,0.221154,0.0,0.283505,0.1,0.333333,0.25,0.035714,0.203279,2,2,3,0,1,2
493,7,174,PED-20240718-493,2025-07-18,11:00:00,entregado,66000,whatsapp,Pago contra entrega,7,Jul,4,29,29,0,3,0,0,1,11,66000.0,1,transferencia,confirmado,0.0,1.0,2,1,66000,otro,individual,350,0.0,33000.0,0.409836,0.423077,0.0,0.608247,0.1,0.0,1.0,0.5,0.409836,2,2,4,0,1,0
494,6,175,PED-20240719-494,2025-07-19,07:00:00,entregado,48000,whatsapp,,7,Jul,5,29,29,1,3,0,0,1,7,48000.0,1,transferencia,confirmado,0.0,1.0,2,2,48000,presencial,individual,358,0.0,24000.0,0.291803,0.307692,0.0,0.42268,0.1,0.333333,0.0,0.785714,0.291803,2,2,4,0,1,1
495,6,175,PED-20240719-495,2025-07-19,11:30:00,entregado,28000,whatsapp,,7,Jul,5,29,29,1,3,0,0,1,11,28000.0,1,nequi,confirmado,0.0,1.0,1,1,28000,presencial,individual,358,0.0,28000.0,0.160656,0.179487,0.0,0.505155,0.0,0.0,1.0,0.785714,0.160656,2,2,3,0,1,1
496,1,175,PED-20240719-496,2025-07-19,08:00:00,entregado,62500,whatsapp,Decorar la caja,7,Jul,5,29,29,1,3,0,0,1,8,62500.0,1,daviplata,confirmado,0.0,1.0,9,4,62500,whatsapp,individual,360,0.0,6944.44,0.386885,0.400641,0.0,0.071019,0.8,1.0,0.25,0.857143,0.386885,2,2,0,0,1,2
497,25,176,PED-20240720-497,2025-07-20,07:00:00,entregado,33000,whatsapp,,7,Jul,6,29,29,1,3,0,0,1,7,33000.0,1,transferencia,confirmado,0.0,1.0,1,1,33000,whatsapp,empresa,343,0.0,33000.0,0.193443,0.211538,0.0,0.608247,0.0,0.0,0.0,0.25,0.193443,2,2,4,0,0,2
498,22,176,PED-20240720-498,2025-07-20,08:30:00,entregado,16500,whatsapp,Con tarjeta feliz cumpleaños,7,Jul,6,29,29,1,3,0,0,1,8,16500.0,1,nequi,confirmado,0.0,1.0,2,2,16500,otro,empresa,360,0.0,8250.0,0.085246,0.105769,0.0,0.097938,0.1,0.333333,0.25,0.857143,0.085246,2,2,3,0,0,0
499,5,176,PED-20240720-499,2025-07-20,10:30:00,entregado,70000,whatsapp,Con tarjeta feliz cumpleaños,7,Jul,6,29,29,1,3,0,0,1,10,70000.0,1,transferencia,confirmado,0.0,1.0,2,1,70000,whatsapp,individual,349,0.0,35000.0,0.436066,0.448718,0.0,0.649485,0.1,0.0,0.75,0.464286,0.436066,2,2,4,0,1,2
500,5,176,PED-20240720-500,2025-07-20,07:00:00,entregado,9000,whatsapp,Para regalo,7,Jul,6,29,29,1,3,0,0,1,7,9000.0,1,daviplata,confirmado,0.0,1.0,2,1,9000,whatsapp,individual,349,0.0,4500.0,0.036066,0.057692,0.0,0.020619,0.1,0.0,0.0,0.464286,0.036066,2,2,0,0,1,2
501,15,177,PED-20240722-501,2025-07-22,07:30:00,entregado,10500,whatsapp,Entregar en portería,7,Jul,1,30,30,0,3,0,0,1,7,10500.0,1,transferencia,confirmado,0.0,1.0,3,1,10500,whatsapp,individual,337,0.0,3500.0,0.045902,0.067308,0.0,0.0,0.2,0.0,0.0,0.035714,0.045902,2,2,4,0,1,2
502,23,177,PED-20240722-502,2025-07-22,10:30:00,entregado,120000,whatsapp,Con tarjeta feliz cumpleaños,7,Jul,1,30,30,0,3,0,0,1,10,120000.0,1,efectivo,confirmado,0.0,0.0,3,1,120000,whatsapp,empresa,355,0.0,40000.0,0.763934,0.769231,0.0,0.752577,0.2,0.0,0.75,0.678571,0.763934,2,2,2,0,0,2
503,22,178,PED-20240723-503,2025-07-23,07:30:00,entregado,33000,whatsapp,Entregar en portería,7,Jul,2,30,30,0,3,0,0,1,7,33000.0,1,efectivo,confirmado,0.0,0.0,1,1,33000,otro,empresa,360,0.0,33000.0,0.193443,0.211538,0.0,0.608247,0.0,0.0,0.0,0.857143,0.193443,2,2,2,0,0,0
504,7,178,PED-20240723-504,2025-07-23,11:30:00,entregado,84000,whatsapp,,7,Jul,2,30,30,0,3,0,0,1,11,84000.0,1,transferencia,pendiente,1.0,1.0,3,1,84000,otro,individual,350,0.0,28000.0,0.527869,0.538462,0.0,0.505155,0.2,0.0,1.0,0.5,0.527869,2,2,4,1,1,0
505,10,179,PED-20240724-505,2025-07-24,11:30:00,entregado,10500,manual,,7,Jul,3,30,30,0,3,0,0,1,11,10500.0,1,transferencia,confirmado,0.0,1.0,3,1,10500,whatsapp,individual,345,0.0,3500.0,0.045902,0.067308,0.0,0.0,0.2,0.0,1.0,0.321429,0.045902,2,0,4,0,1,2
506,1,180,PED-20240725-506,2025-07-25,10:30:00,entregado,3500,whatsapp,Llamar antes,7,Jul,4,30,30,0,3,0,0,1,10,3500.0,1,efectivo,confirmado,0.0,0.0,1,1,3500,whatsapp,individual,360,0.0,3500.0,0.0,0.022436,0.0,0.0,0.0,0.0,0.75,0.857143,0.0,2,2,2,0,1,2
507,4,181,PED-20240726-507,2025-07-26,07:30:00,entregado,60000,whatsapp,,7,Jul,5,30,30,1,3,0,0,1,7,60000.0,1,transferencia,confirmado,0.0,1.0,2,2,60000,whatsapp,individual,337,0.0,30000.0,0.370492,0.384615,0.0,0.546392,0.1,0.333333,0.0,0.035714,0.370492,2,2,4,0,1,2
508,1,182,PED-20240727-508,2025-07-27,10:30:00,desconocido,84000,whatsapp,Entregar en portería,7,Jul,6,30,30,1,3,0,0,0,10,84000.0,1,nequi,confirmado,0.0,1.0,3,1,84000,whatsapp,individual,360,0.0,28000.0,0.527869,0.538462,0.0,0.505155,0.2,0.0,0.75,0.857143,0.527869,1,2,3,0,1,2
509,7,182,PED-20240727-509,2025-07-27,10:00:00,entregado,24000,whatsapp,Pago contra entrega,7,Jul,6,30,30,1,3,0,0,1,10,24000.0,1,nequi,confirmado,0.0,1.0,3,1,24000,otro,individual,350,0.0,8000.0,0.134426,0.153846,0.0,0.092784,0.2,0.0,0.75,0.5,0.134426,2,2,3,0,1,0
510,9,182,PED-20240727-510,2025-07-27,07:00:00,entregado,84000,whatsapp,Entregar en portería,7,Jul,6,30,30,1,3,0,0,1,7,84000.0,1,nequi,confirmado,0.0,1.0,3,1,84000,whatsapp,individual,349,0.0,28000.0,0.527869,0.538462,0.0,0.505155,0.2,0.0,0.0,0.464286,0.527869,2,2,3,0,1,2
511,7,182,PED-20240727-511,2025-07-27,09:30:00,entregado,28000,whatsapp,Llamar antes,7,Jul,6,30,30,1,3,0,0,1,9,28000.0,1,nequi,confirmado,0.0,1.0,1,1,28000,otro,individual,350,0.0,28000.0,0.160656,0.179487,0.0,0.505155,0.0,0.0,0.5,0.5,0.160656,2,2,3,0,1,0
512,20,183,PED-20240729-512,2025-07-29,09:00:00,entregado,33000,whatsapp,Con tarjeta feliz cumpleaños,7,Jul,1,31,31,0,3,0,0,1,9,33000.0,1,transferencia,confirmado,0.0,1.0,1,1,33000,whatsapp,individual,340,0.0,33000.0,0.193443,0.211538,0.0,0.608247,0.0,0.0,0.5,0.142857,0.193443,2,2,4,0,1,2
513,3,184,PED-20240730-513,2025-07-30,10:00:00,entregado,8000,whatsapp,Decorar la caja,7,Jul,2,31,31,0,3,0,0,1,10,8000.0,1,daviplata,confirmado,0.0,1.0,1,1,8000,otro,individual,358,0.0,8000.0,0.029508,0.051282,0.0,0.092784,0.0,0.0,0.75,0.785714,0.029508,2,2,0,0,1,0
514,22,184,PED-20240730-514,2025-07-30,10:30:00,entregado,27000,whatsapp,,7,Jul,2,31,31,0,3,0,0,1,10,27000.0,1,efectivo,pendiente,1.0,0.0,3,1,27000,otro,empresa,360,0.0,9000.0,0.154098,0.173077,0.0,0.113402,0.2,0.0,0.75,0.857143,0.154098,2,2,2,1,0,0
515,7,185,PED-20240731-515,2025-07-31,10:30:00,entregado,42000,whatsapp,Llamar antes,7,Jul,3,31,31,0,3,0,0,1,10,42000.0,1,transferencia,confirmado,0.0,1.0,5,3,42000,otro,individual,350,0.0,8400.0,0.252459,0.269231,0.0,0.101031,0.4,0.666667,0.75,0.5,0.252459,2,2,4,0,1,0
516,7,185,PED-20240731-516,2025-07-31,09:30:00,entregado,52000,whatsapp,Pago contra entrega,7,Jul,3,31,31,0,3,0,0,1,9,52000.0,1,transferencia,confirmado,0.0,1.0,1,1,52000,otro,individual,350,0.0,52000.0,0.318033,0.333333,0.0,1.0,0.0,0.0,0.5,0.5,0.318033,2,2,4,0,1,0
517,20,186,PED-20240801-517,2025-08-01,08:30:00,entregado,99000,whatsapp,Decorar la caja,8,Aug,4,31,31,0,3,0,0,1,8,99000.0,1,daviplata,confirmado,0.0,1.0,3,1,99000,whatsapp,individual,340,0.0,33000.0,0.62623,0.634615,0.0,0.608247,0.2,0.0,0.25,0.142857,0.62623,2,2,0,0,1,2
518,7,186,PED-20240801-518,2025-08-01,09:00:00,entregado,70000,whatsapp,Decorar la caja,8,Aug,4,31,31,0,3,0,0,1,9,70000.0,1,transferencia,pendiente,1.0,1.0,3,2,70000,otro,individual,350,0.0,23333.33,0.436066,0.448718,0.0,0.408935,0.2,0.333333,0.5,0.5,0.436066,2,2,4,1,1,0
519,6,187,PED-20240802-519,2025-08-02,09:00:00,entregado,40500,manual,Entregar en portería,8,Aug,5,31,31,1,3,0,0,1,9,40500.0,1,nequi,confirmado,0.0,1.0,2,2,40500,presencial,individual,358,0.0,20250.0,0.242623,0.259615,0.0,0.345361,0.1,0.333333,0.5,0.785714,0.242623,2,0,3,0,1,1
520,13,187,PED-20240802-520,2025-08-02,10:00:00,entregado,70000,whatsapp,Pago contra entrega,8,Aug,5,31,31,1,3,0,0,1,10,70000.0,1,transferencia,pendiente,1.0,1.0,2,1,70000,whatsapp,individual,345,0.0,35000.0,0.436066,0.448718,0.0,0.649485,0.1,0.0,0.75,0.321429,0.436066,2,2,4,1,1,2
521,21,187,PED-20240802-521,2025-08-02,07:00:00,entregado,41500,manual,Llamar antes,8,Aug,5,31,31,1,3,0,0,1,7,41500.0,1,transferencia,confirmado,0.0,1.0,2,2,41500,presencial,empresa,351,0.0,20750.0,0.24918,0.266026,0.0,0.35567,0.1,0.333333,0.0,0.535714,0.24918,2,0,4,0,0,1
522,19,188,PED-20240803-522,2025-08-03,09:00:00,entregado,15000,whatsapp,Decorar la caja,8,Aug,6,31,31,1,3,0,0,1,9,15000.0,1,transferencia,confirmado,0.0,1.0,2,1,15000,whatsapp,individual,337,0.0,7500.0,0.07541,0.096154,0.0,0.082474,0.1,0.0,0.5,0.035714,0.07541,2,2,4,0,1,2
523,23,188,PED-20240803-523,2025-08-03,08:30:00,entregado,35000,whatsapp,Para regalo,8,Aug,6,31,31,1,3,0,0,1,8,35000.0,1,nequi,confirmado,0.0,1.0,1,1,35000,whatsapp,empresa,355,0.0,35000.0,0.206557,0.224359,0.0,0.649485,0.0,0.0,0.25,0.678571,0.206557,2,2,3,0,0,2
524,15,189,PED-20240805-524,2025-08-05,08:30:00,entregado,120000,whatsapp,Entregar en portería,8,Aug,1,32,32,0,3,0,0,1,8,120000.0,1,transferencia,confirmado,0.0,1.0,3,1,120000,whatsapp,individual,337,0.0,40000.0,0.763934,0.769231,0.0,0.752577,0.2,0.0,0.25,0.035714,0.763934,2,2,4,0,1,2
525,9,189,PED-20240805-525,2025-08-05,08:00:00,entregado,40000,whatsapp,Con tarjeta feliz cumpleaños,8,Aug,1,32,32,0,3,0,0,1,8,40000.0,1,transferencia,confirmado,0.0,1.0,1,1,40000,whatsapp,individual,349,0.0,40000.0,0.239344,0.25641,0.0,0.752577,0.0,0.0,0.25,0.464286,0.239344,2,2,4,0,1,2
526,25,189,PED-20240805-526,2025-08-05,08:30:00,entregado,56000,whatsapp,,8,Aug,1,32,32,0,3,0,0,1,8,56000.0,1,transferencia,confirmado,0.0,1.0,2,1,56000,whatsapp,empresa,343,0.0,28000.0,0.344262,0.358974,0.0,0.505155,0.1,0.0,0.25,0.25,0.344262,2,2,4,0,0,2
527,13,190,PED-20240806-527,2025-08-06,07:30:00,entregado,31500,whatsapp,Llamar antes,8,Aug,2,32,32,0,3,0,0,1,7,31500.0,1,transferencia,confirmado,0.0,1.0,2,2,31500,whatsapp,individual,345,0.0,15750.0,0.183607,0.201923,0.0,0.252577,0.1,0.333333,0.0,0.321429,0.183607,2,2,4,0,1,2
528,9,190,PED-20240806-528,2025-08-06,07:00:00,entregado,48500,whatsapp,Entregar en portería,8,Aug,2,32,32,0,3,0,0,1,7,48500.0,1,transferencia,confirmado,0.0,1.0,6,3,48500,whatsapp,individual,349,0.0,8083.33,0.295082,0.310897,0.0,0.094502,0.5,0.666667,0.0,0.464286,0.295082,2,2,4,0,1,2
529,5,190,PED-20240806-529,2025-08-06,08:00:00,entregado,70000,whatsapp,Con tarjeta feliz cumpleaños,8,Aug,2,32,32,0,3,0,0,1,8,70000.0,1,nequi,confirmado,0.0,1.0,2,1,70000,whatsapp,individual,349,0.0,35000.0,0.436066,0.448718,0.0,0.649485,0.1,0.0,0.25,0.464286,0.436066,2,2,3,0,1,2
530,2,191,PED-20240807-530,2025-08-07,10:30:00,entregado,35000,whatsapp,Para regalo,8,Aug,3,32,32,0,3,0,0,1,10,35000.0,1,nequi,confirmado,0.0,1.0,2,2,35000,otro,individual,362,0.0,17500.0,0.206557,0.224359,0.0,0.28866,0.1,0.333333,0.75,0.928571,0.206557,2,2,3,0,1,0
531,7,192,PED-20240808-531,2025-08-08,11:00:00,entregado,35000,whatsapp,Llamar antes,8,Aug,4,32,32,0,3,0,0,1,11,35000.0,1,nequi,confirmado,0.0,1.0,1,1,35000,otro,individual,350,0.0,35000.0,0.206557,0.224359,0.0,0.649485,0.0,0.0,1.0,0.5,0.206557,2,2,3,0,1,0
532,21,193,PED-20240809-532,2025-08-09,09:00:00,entregado,56000,whatsapp,Entregar en portería,8,Aug,5,32,32,1,3,0,0,1,9,56000.0,1,nequi,confirmado,0.0,1.0,2,1,56000,presencial,empresa,351,0.0,28000.0,0.344262,0.358974,0.0,0.505155,0.1,0.0,0.5,0.535714,0.344262,2,2,3,0,0,1
533,6,193,PED-20240809-533,2025-08-09,10:00:00,entregado,28000,whatsapp,Con tarjeta feliz cumpleaños,8,Aug,5,32,32,1,3,0,0,1,10,28000.0,1,transferencia,confirmado,0.0,1.0,1,1,28000,presencial,individual,358,0.0,28000.0,0.160656,0.179487,0.0,0.505155,0.0,0.0,0.75,0.785714,0.160656,2,2,4,0,1,1
534,9,194,PED-20240810-534,2025-08-10,07:00:00,entregado,66000,whatsapp,Llamar antes,8,Aug,6,32,32,1,3,0,0,1,7,66000.0,1,transferencia,confirmado,0.0,1.0,2,1,66000,whatsapp,individual,349,0.0,33000.0,0.409836,0.423077,0.0,0.608247,0.1,0.0,0.0,0.464286,0.409836,2,2,4,0,1,2
535,8,194,PED-20240810-535,2025-08-10,09:30:00,entregado,63500,whatsapp,,8,Aug,6,32,32,1,3,0,0,1,9,63500.0,1,nequi,pendiente,1.0,1.0,10,4,63500,presencial,individual,345,0.0,6350.0,0.393443,0.407051,0.0,0.058763,0.9,1.0,0.5,0.321429,0.393443,2,2,3,1,1,1
536,10,194,PED-20240810-536,2025-08-10,10:00:00,entregado,43000,whatsapp,Decorar la caja,8,Aug,6,32,32,1,3,0,0,1,10,43000.0,1,transferencia,confirmado,0.0,1.0,3,2,43000,whatsapp,individual,345,0.0,14333.33,0.259016,0.275641,0.0,0.223368,0.2,0.333333,0.75,0.321429,0.259016,2,2,4,0,1,2
537,17,195,PED-20240812-537,2025-08-12,11:30:00,entregado,52000,whatsapp,Con tarjeta feliz cumpleaños,8,Aug,1,33,33,0,3,0,0,1,11,52000.0,1,transferencia,confirmado,0.0,1.0,2,1,52000,whatsapp,individual,338,0.0,26000.0,0.318033,0.333333,0.0,0.463918,0.1,0.0,1.0,0.071429,0.318033,2,2,4,0,1,2
538,4,195,PED-20240812-538,2025-08-12,07:00:00,entregado,49500,otro,,8,Aug,1,33,33,0,3,0,0,1,7,49500.0,1,transferencia,confirmado,0.0,1.0,7,3,49500,whatsapp,individual,337,0.0,7071.43,0.301639,0.317308,0.0,0.073638,0.6,0.666667,0.0,0.035714,0.301639,2,1,4,0,1,2
539,13,195,PED-20240812-539,2025-08-12,08:30:00,entregado,47500,whatsapp,Con tarjeta feliz cumpleaños,8,Aug,1,33,33,0,3,0,0,1,8,47500.0,1,transferencia,confirmado,0.0,1.0,7,4,47500,whatsapp,individual,345,0.0,6785.71,0.288525,0.304487,0.0,0.067747,0.6,1.0,0.25,0.321429,0.288525,2,2,4,0,1,2
540,25,196,PED-20240813-540,2025-08-13,10:30:00,entregado,49500,whatsapp,Con tarjeta feliz cumpleaños,8,Aug,2,33,33,0,3,0,0,1,10,49500.0,1,efectivo,pendiente,1.0,0.0,6,2,49500,whatsapp,empresa,343,0.0,8250.0,0.301639,0.317308,0.0,0.097938,0.5,0.333333,0.75,0.25,0.301639,2,2,2,1,0,2
541,23,196,PED-20240813-541,2025-08-13,09:30:00,entregado,40000,whatsapp,Decorar la caja,8,Aug,2,33,33,0,3,0,0,1,9,40000.0,1,daviplata,confirmado,0.0,1.0,1,1,40000,whatsapp,empresa,355,0.0,40000.0,0.239344,0.25641,0.0,0.752577,0.0,0.0,0.5,0.678571,0.239344,2,2,0,0,0,2
542,2,197,PED-20240814-542,2025-08-14,08:00:00,entregado,31500,whatsapp,Para regalo,8,Aug,3,33,33,0,3,0,0,1,8,31500.0,1,daviplata,confirmado,0.0,1.0,4,2,31500,otro,individual,362,0.0,7875.0,0.183607,0.201923,0.0,0.090206,0.3,0.333333,0.25,0.928571,0.183607,2,2,0,0,1,0
543,18,197,PED-20240814-543,2025-08-14,08:30:00,entregado,40000,whatsapp,Entregar en portería,8,Aug,3,33,33,0,3,0,0,1,8,40000.0,1,nequi,confirmado,0.0,1.0,1,1,40000,whatsapp,individual,336,0.0,40000.0,0.239344,0.25641,0.0,0.752577,0.0,0.0,0.25,0.0,0.239344,2,2,3,0,1,2
544,15,198,PED-20240815-544,2025-08-15,09:00:00,entregado,42000,whatsapp,,8,Aug,4,33,33,0,3,0,0,1,9,42000.0,1,transferencia,confirmado,0.0,1.0,3,2,42000,whatsapp,individual,337,0.0,14000.0,0.252459,0.269231,0.0,0.216495,0.2,0.333333,0.5,0.035714,0.252459,2,2,4,0,1,2
545,19,198,PED-20240815-545,2025-08-15,09:30:00,entregado,4500,whatsapp,Pago contra entrega,8,Aug,4,33,33,0,3,0,0,1,9,4500.0,1,transferencia,confirmado,0.0,1.0,1,1,4500,whatsapp,individual,337,0.0,4500.0,0.006557,0.028846,0.0,0.020619,0.0,0.0,0.5,0.035714,0.006557,2,2,4,0,1,2
546,11,198,PED-20240815-546,2025-08-15,07:00:00,entregado,56000,whatsapp,,8,Aug,4,33,33,0,3,0,0,1,7,56000.0,1,transferencia,confirmado,0.0,1.0,2,1,56000,whatsapp,individual,336,0.0,28000.0,0.344262,0.358974,0.0,0.505155,0.1,0.0,0.0,0.0,0.344262,2,2,4,0,1,2
547,17,199,PED-20240816-547,2025-08-16,10:30:00,entregado,66000,whatsapp,Pago contra entrega,8,Aug,5,33,33,1,3,0,0,1,10,66000.0,1,efectivo,confirmado,0.0,0.0,2,1,66000,whatsapp,individual,338,0.0,33000.0,0.409836,0.423077,0.0,0.608247,0.1,0.0,0.75,0.071429,0.409836,2,2,2,0,1,2
548,6,199,PED-20240816-548,2025-08-16,10:30:00,entregado,33000,manual,Pago contra entrega,8,Aug,5,33,33,1,3,0,0,1,10,33000.0,1,transferencia,confirmado,0.0,1.0,4,2,33000,presencial,individual,358,0.0,8250.0,0.193443,0.211538,0.0,0.097938,0.3,0.333333,0.75,0.785714,0.193443,2,0,4,0,1,1
549,21,199,PED-20240816-549,2025-08-16,08:00:00,entregado,105000,manual,,8,Aug,5,33,33,1,3,0,0,1,8,105000.0,1,transferencia,confirmado,0.0,1.0,3,1,105000,presencial,empresa,351,0.0,35000.0,0.665574,0.673077,0.0,0.649485,0.2,0.0,0.25,0.535714,0.665574,2,0,4,0,0,1
550,20,200,PED-20240817-550,2025-08-17,10:30:00,entregado,28000,whatsapp,,8,Aug,6,33,33,1,3,0,0,1,10,28000.0,1,efectivo,confirmado,0.0,0.0,1,1,28000,whatsapp,individual,340,0.0,28000.0,0.160656,0.179487,0.0,0.505155,0.0,0.0,0.75,0.142857,0.160656,2,2,2,0,1,2
551,18,200,PED-20240817-551,2025-08-17,07:00:00,desconocido,27000,whatsapp,Pago contra entrega,8,Aug,6,33,33,1,3,0,0,0,7,27000.0,1,transferencia,confirmado,0.0,1.0,3,1,27000,whatsapp,individual,336,0.0,9000.0,0.154098,0.173077,0.0,0.113402,0.2,0.0,0.0,0.0,0.154098,1,2,4,0,1,2
552,9,200,PED-20240817-552,2025-08-17,09:00:00,entregado,28000,whatsapp,Para regalo,8,Aug,6,33,33,1,3,0,0,1,9,28000.0,1,transferencia,confirmado,0.0,1.0,1,1,28000,whatsapp,individual,349,0.0,28000.0,0.160656,0.179487,0.0,0.505155,0.0,0.0,0.5,0.464286,0.160656,2,2,4,0,1,2
553,10,201,PED-20240819-553,2025-08-19,07:30:00,desconocido,8500,whatsapp,Pago contra entrega,8,Aug,1,34,34,0,3,0,0,0,7,8500.0,1,transferencia,pendiente,1.0,1.0,1,1,8500,whatsapp,individual,345,0.0,8500.0,0.032787,0.054487,0.0,0.103093,0.0,0.0,0.0,0.321429,0.032787,1,2,4,1,1,2
554,16,201,PED-20240819-554,2025-08-19,10:00:00,entregado,28500,whatsapp,Para regalo,8,Aug,1,34,34,0,3,0,0,1,10,28500.0,1,transferencia,confirmado,0.0,1.0,4,2,28500,otro,individual,355,0.0,7125.0,0.163934,0.182692,0.0,0.074742,0.3,0.333333,0.75,0.678571,0.163934,2,2,4,0,1,0
555,10,202,PED-20240820-555,2025-08-20,11:30:00,entregado,28000,whatsapp,Con tarjeta feliz cumpleaños,8,Aug,2,34,34,0,3,0,0,1,11,28000.0,1,nequi,confirmado,0.0,1.0,1,1,28000,whatsapp,individual,345,0.0,28000.0,0.160656,0.179487,0.0,0.505155,0.0,0.0,1.0,0.321429,0.160656,2,2,3,0,1,2
556,15,202,PED-20240820-556,2025-08-20,11:30:00,entregado,40000,whatsapp,Para regalo,8,Aug,2,34,34,0,3,0,0,1,11,40000.0,1,transferencia,confirmado,0.0,1.0,1,1,40000,whatsapp,individual,337,0.0,40000.0,0.239344,0.25641,0.0,0.752577,0.0,0.0,1.0,0.035714,0.239344,2,2,4,0,1,2
557,13,202,PED-20240820-557,2025-08-20,11:00:00,desconocido,80000,whatsapp,Llamar antes,8,Aug,2,34,34,0,3,0,0,0,11,80000.0,1,transferencia,confirmado,0.0,1.0,2,1,80000,whatsapp,individual,345,0.0,40000.0,0.501639,0.512821,0.0,0.752577,0.1,0.0,1.0,0.321429,0.501639,1,2,4,0,1,2
558,23,203,PED-20240821-558,2025-08-21,10:00:00,entregado,44500,whatsapp,Pago contra entrega,8,Aug,3,34,34,0,3,0,0,1,10,44500.0,1,efectivo,confirmado,0.0,0.0,2,2,44500,whatsapp,empresa,355,0.0,22250.0,0.268852,0.285256,0.0,0.386598,0.1,0.333333,0.75,0.678571,0.268852,2,2,2,0,0,2
559,22,204,PED-20240822-559,2025-08-22,09:30:00,entregado,104000,whatsapp,Pago contra entrega,8,Aug,4,34,34,0,3,0,0,1,9,104000.0,1,nequi,confirmado,0.0,1.0,2,1,104000,otro,empresa,360,0.0,52000.0,0.659016,0.666667,0.0,1.0,0.1,0.0,0.5,0.857143,0.659016,2,2,3,0,0,0
560,9,205,PED-20240823-560,2025-08-23,09:30:00,desconocido,70000,whatsapp,Con tarjeta feliz cumpleaños,8,Aug,5,34,34,1,3,0,0,0,9,70000.0,1,transferencia,confirmado,0.0,1.0,2,1,70000,whatsapp,individual,349,0.0,35000.0,0.436066,0.448718,0.0,0.649485,0.1,0.0,0.5,0.464286,0.436066,1,2,4,0,1,2
561,5,205,PED-20240823-561,2025-08-23,08:00:00,entregado,56000,manual,,8,Aug,5,34,34,1,3,0,0,1,8,56000.0,1,efectivo,confirmado,0.0,0.0,2,1,56000,whatsapp,individual,349,0.0,28000.0,0.344262,0.358974,0.0,0.505155,0.1,0.0,0.25,0.464286,0.344262,2,0,2,0,1,2
562,17,205,PED-20240823-562,2025-08-23,10:30:00,desconocido,156000,whatsapp,Llamar antes,8,Aug,5,34,34,1,3,0,0,0,10,156000.0,1,daviplata,confirmado,0.0,1.0,3,1,156000,whatsapp,individual,338,0.0,52000.0,1.0,1.0,0.0,1.0,0.2,0.0,0.75,0.071429,1.0,1,2,0,0,1,2
563,21,206,PED-20240824-563,2025-08-24,07:00:00,entregado,120000,whatsapp,,8,Aug,6,34,34,1,3,0,0,1,7,120000.0,1,daviplata,pendiente,1.0,1.0,3,1,120000,presencial,empresa,351,0.0,40000.0,0.763934,0.769231,0.0,0.752577,0.2,0.0,0.0,0.535714,0.763934,2,2,0,1,0,1
564,15,206,PED-20240824-564,2025-08-24,08:30:00,entregado,28000,whatsapp,Pago contra entrega,8,Aug,6,34,34,1,3,0,0,1,8,28000.0,1,nequi,confirmado,0.0,1.0,1,1,28000,whatsapp,individual,337,0.0,28000.0,0.160656,0.179487,0.0,0.505155,0.0,0.0,0.25,0.035714,0.160656,2,2,3,0,1,2
565,21,207,PED-20240826-565,2025-08-26,09:00:00,entregado,56000,whatsapp,Pago contra entrega,8,Aug,1,35,35,0,3,0,0,1,9,56000.0,1,transferencia,confirmado,0.0,1.0,2,1,56000,presencial,empresa,351,0.0,28000.0,0.344262,0.358974,0.0,0.505155,0.1,0.0,0.5,0.535714,0.344262,2,2,4,0,0,1
566,6,207,PED-20240826-566,2025-08-26,10:30:00,entregado,28000,whatsapp,Entregar en portería,8,Aug,1,35,35,0,3,0,0,1,10,28000.0,1,daviplata,pendiente,1.0,1.0,1,1,28000,presencial,individual,358,0.0,28000.0,0.160656,0.179487,0.0,0.505155,0.0,0.0,0.75,0.785714,0.160656,2,2,0,1,1,1
567,4,208,PED-20240827-567,2025-08-27,11:30:00,entregado,40000,whatsapp,,8,Aug,2,35,35,0,3,0,0,1,11,40000.0,1,transferencia,confirmado,0.0,1.0,1,1,40000,whatsapp,individual,337,0.0,40000.0,0.239344,0.25641,0.0,0.752577,0.0,0.0,1.0,0.035714,0.239344,2,2,4,0,1,2
568,5,208,PED-20240827-568,2025-08-27,07:00:00,entregado,120000,whatsapp,Entregar en portería,8,Aug,2,35,35,0,3,0,0,1,7,120000.0,1,nequi,confirmado,0.0,1.0,3,1,120000,whatsapp,individual,349,0.0,40000.0,0.763934,0.769231,0.0,0.752577,0.2,0.0,0.0,0.464286,0.763934,2,2,3,0,1,2
569,20,209,PED-20240828-569,2025-08-28,08:00:00,entregado,70000,whatsapp,Decorar la caja,8,Aug,3,35,35,0,3,0,0,1,8,70000.0,1,transferencia,confirmado,0.0,1.0,2,1,70000,whatsapp,individual,340,0.0,35000.0,0.436066,0.448718,0.0,0.649485,0.1,0.0,0.25,0.142857,0.436066,2,2,4,0,1,2
570,24,209,PED-20240828-570,2025-08-28,10:30:00,entregado,34000,whatsapp,,8,Aug,3,35,35,0,3,0,0,1,10,34000.0,1,nequi,confirmado,0.0,1.0,2,2,34000,whatsapp,empresa,364,0.0,17000.0,0.2,0.217949,0.0,0.278351,0.1,0.333333,0.75,1.0,0.2,2,2,3,0,0,2
571,7,209,PED-20240828-571,2025-08-28,09:00:00,entregado,66000,whatsapp,,8,Aug,3,35,35,0,3,0,0,1,9,66000.0,1,efectivo,confirmado,0.0,0.0,2,1,66000,otro,individual,350,0.0,33000.0,0.409836,0.423077,0.0,0.608247,0.1,0.0,0.5,0.5,0.409836,2,2,2,0,1,0
572,14,210,PED-20240829-572,2025-08-29,10:30:00,entregado,104000,manual,Llamar antes,8,Aug,4,35,35,0,3,0,0,1,10,104000.0,1,efectivo,confirmado,0.0,0.0,2,1,104000,whatsapp,individual,359,0.0,52000.0,0.659016,0.666667,0.0,1.0,0.1,0.0,0.75,0.821429,0.659016,2,0,2,0,1,2
573,11,210,PED-20240829-573,2025-08-29,08:00:00,cancelado,28500,whatsapp,Con tarjeta feliz cumpleaños,8,Aug,4,35,35,0,3,0,1,0,8,0.0,0,desconocido,sin_pago,0.0,0.0,5,2,28500,whatsapp,individual,336,28500.0,5700.0,0.163934,0.0,0.2375,0.045361,0.4,0.333333,0.25,0.0,0.163934,0,2,1,3,1,2
574,9,211,PED-20240830-574,2025-08-30,08:00:00,entregado,51000,whatsapp,Para regalo,8,Aug,5,35,35,1,3,0,0,1,8,51000.0,1,transferencia,confirmado,0.0,1.0,3,2,51000,whatsapp,individual,349,0.0,17000.0,0.311475,0.326923,0.0,0.278351,0.2,0.333333,0.25,0.464286,0.311475,2,2,4,0,1,2
575,1,212,PED-20240831-575,2025-08-31,10:30:00,entregado,35000,whatsapp,Para regalo,8,Aug,6,35,35,1,3,0,0,1,10,35000.0,1,transferencia,confirmado,0.0,1.0,1,1,35000,whatsapp,individual,360,0.0,35000.0,0.206557,0.224359,0.0,0.649485,0.0,0.0,0.75,0.857143,0.206557,2,2,4,0,1,2
576,2,212,PED-20240831-576,2025-08-31,10:30:00,entregado,26000,whatsapp,Pago contra entrega,8,Aug,6,35,35,1,3,0,0,1,10,26000.0,1,transferencia,pendiente,1.0,1.0,1,1,26000,otro,individual,362,0.0,26000.0,0.147541,0.166667,0.0,0.463918,0.0,0.0,0.75,0.928571,0.147541,2,2,4,1,1,0
577,22,213,PED-20240902-577,2025-09-02,09:00:00,entregado,40000,whatsapp,Llamar antes,9,Sep,1,36,36,0,3,0,0,1,9,40000.0,1,nequi,confirmado,0.0,1.0,1,1,40000,otro,empresa,360,0.0,40000.0,0.239344,0.25641,0.0,0.752577,0.0,0.0,0.5,0.857143,0.239344,2,2,3,0,0,0
578,13,214,PED-20240903-578,2025-09-03,07:30:00,entregado,3500,whatsapp,Pago contra entrega,9,Sep,2,36,36,0,3,0,0,1,7,3500.0,1,nequi,confirmado,0.0,1.0,1,1,3500,whatsapp,individual,345,0.0,3500.0,0.0,0.022436,0.0,0.0,0.0,0.0,0.0,0.321429,0.0,2,2,3,0,1,2
579,19,215,PED-20240904-579,2025-09-04,11:00:00,entregado,40000,whatsapp,,9,Sep,3,36,36,0,3,0,0,1,11,40000.0,1,nequi,confirmado,0.0,1.0,6,3,40000,whatsapp,individual,337,0.0,6666.67,0.239344,0.25641,0.0,0.065292,0.5,0.666667,1.0,0.035714,0.239344,2,2,3,0,1,2
580,17,215,PED-20240904-580,2025-09-04,11:30:00,entregado,41000,whatsapp,Pago contra entrega,9,Sep,3,36,36,0,3,0,0,1,11,41000.0,1,nequi,confirmado,0.0,1.0,5,3,41000,whatsapp,individual,338,0.0,8200.0,0.245902,0.262821,0.0,0.096907,0.4,0.666667,1.0,0.071429,0.245902,2,2,3,0,1,2
581,12,216,PED-20240905-581,2025-09-05,07:00:00,entregado,26000,whatsapp,Decorar la caja,9,Sep,4,36,36,0,3,0,0,1,7,26000.0,1,daviplata,confirmado,0.0,1.0,1,1,26000,whatsapp,individual,353,0.0,26000.0,0.147541,0.166667,0.0,0.463918,0.0,0.0,0.0,0.607143,0.147541,2,2,0,0,1,2
582,14,216,PED-20240905-582,2025-09-05,11:00:00,entregado,49000,whatsapp,Para regalo,9,Sep,4,36,36,0,3,0,0,1,11,49000.0,1,transferencia,pendiente,1.0,1.0,7,3,49000,whatsapp,individual,359,0.0,7000.0,0.298361,0.314103,0.0,0.072165,0.6,0.666667,1.0,0.821429,0.298361,2,2,4,1,1,2
583,10,216,PED-20240905-583,2025-09-05,09:00:00,entregado,53000,whatsapp,Entregar en portería,9,Sep,4,36,36,0,3,0,0,1,9,53000.0,1,nequi,confirmado,0.0,1.0,3,2,53000,whatsapp,individual,345,0.0,17666.67,0.32459,0.339744,0.0,0.292096,0.2,0.333333,0.5,0.321429,0.32459,2,2,3,0,1,2
584,13,217,PED-20240906-584,2025-09-06,07:30:00,entregado,44000,whatsapp,Entregar en portería,9,Sep,5,36,36,1,3,0,0,1,7,44000.0,1,nequi,confirmado,0.0,1.0,3,2,44000,whatsapp,individual,345,0.0,14666.67,0.265574,0.282051,0.0,0.230241,0.2,0.333333,0.0,0.321429,0.265574,2,2,3,0,1,2
585,22,217,PED-20240906-585,2025-09-06,09:00:00,entregado,44000,whatsapp,Con tarjeta feliz cumpleaños,9,Sep,5,36,36,1,3,0,0,1,9,44000.0,1,transferencia,pendiente,1.0,1.0,7,4,44000,otro,empresa,360,0.0,6285.71,0.265574,0.282051,0.0,0.057437,0.6,1.0,0.5,0.857143,0.265574,2,2,4,1,0,0
586,1,217,PED-20240906-586,2025-09-06,09:30:00,entregado,28000,whatsapp,Llamar antes,9,Sep,5,36,36,1,3,0,0,1,9,28000.0,1,nequi,confirmado,0.0,1.0,1,1,28000,whatsapp,individual,360,0.0,28000.0,0.160656,0.179487,0.0,0.505155,0.0,0.0,0.5,0.857143,0.160656,2,2,3,0,1,2
587,2,218,PED-20240907-587,2025-09-07,08:30:00,entregado,56000,whatsapp,,9,Sep,6,36,36,1,3,0,0,1,8,56000.0,1,transferencia,confirmado,0.0,1.0,2,1,56000,otro,individual,362,0.0,28000.0,0.344262,0.358974,0.0,0.505155,0.1,0.0,0.25,0.928571,0.344262,2,2,4,0,1,0
588,6,218,PED-20240907-588,2025-09-07,09:00:00,entregado,27000,whatsapp,Decorar la caja,9,Sep,6,36,36,1,3,0,0,1,9,27000.0,1,daviplata,confirmado,0.0,1.0,3,1,27000,presencial,individual,358,0.0,9000.0,0.154098,0.173077,0.0,0.113402,0.2,0.0,0.5,0.785714,0.154098,2,2,0,0,1,1
589,6,219,PED-20240909-589,2025-09-09,11:30:00,entregado,39000,whatsapp,Con tarjeta feliz cumpleaños,9,Sep,1,37,37,0,3,0,0,1,11,39000.0,1,daviplata,confirmado,0.0,1.0,3,2,39000,presencial,individual,358,0.0,13000.0,0.232787,0.25,0.0,0.195876,0.2,0.333333,1.0,0.785714,0.232787,2,2,0,0,1,1
590,13,219,PED-20240909-590,2025-09-09,11:00:00,entregado,26000,whatsapp,Llamar antes,9,Sep,1,37,37,0,3,0,0,1,11,26000.0,1,nequi,confirmado,0.0,1.0,1,1,26000,whatsapp,individual,345,0.0,26000.0,0.147541,0.166667,0.0,0.463918,0.0,0.0,1.0,0.321429,0.147541,2,2,3,0,1,2
591,10,219,PED-20240909-591,2025-09-09,08:30:00,entregado,70000,whatsapp,Decorar la caja,9,Sep,1,37,37,0,3,0,0,1,8,70000.0,1,efectivo,confirmado,0.0,0.0,2,1,70000,whatsapp,individual,345,0.0,35000.0,0.436066,0.448718,0.0,0.649485,0.1,0.0,0.25,0.321429,0.436066,2,2,2,0,1,2
592,4,220,PED-20240910-592,2025-09-10,10:00:00,entregado,33000,whatsapp,Con tarjeta feliz cumpleaños,9,Sep,2,37,37,0,3,0,0,1,10,33000.0,1,transferencia,confirmado,0.0,1.0,1,1,33000,whatsapp,individual,337,0.0,33000.0,0.193443,0.211538,0.0,0.608247,0.0,0.0,0.75,0.035714,0.193443,2,2,4,0,1,2
593,6,220,PED-20240910-593,2025-09-10,07:00:00,entregado,52000,whatsapp,Con tarjeta feliz cumpleaños,9,Sep,2,37,37,0,3,0,0,1,7,52000.0,1,transferencia,confirmado,0.0,1.0,2,1,52000,presencial,individual,358,0.0,26000.0,0.318033,0.333333,0.0,0.463918,0.1,0.0,0.0,0.785714,0.318033,2,2,4,0,1,1
594,9,221,PED-20240911-594,2025-09-11,07:30:00,entregado,53500,whatsapp,Llamar antes,9,Sep,3,37,37,0,3,0,0,1,7,53500.0,1,nequi,confirmado,0.0,1.0,8,3,53500,whatsapp,individual,349,0.0,6687.5,0.327869,0.342949,0.0,0.065722,0.7,0.666667,0.0,0.464286,0.327869,2,2,3,0,1,2
595,1,221,PED-20240911-595,2025-09-11,07:00:00,entregado,8500,whatsapp,Decorar la caja,9,Sep,3,37,37,0,3,0,0,1,7,8500.0,1,transferencia,confirmado,0.0,1.0,1,1,8500,whatsapp,individual,360,0.0,8500.0,0.032787,0.054487,0.0,0.103093,0.0,0.0,0.0,0.857143,0.032787,2,2,4,0,1,2
596,14,222,PED-20240912-596,2025-09-12,07:00:00,entregado,35000,whatsapp,,9,Sep,4,37,37,0,3,0,0,1,7,35000.0,1,transferencia,confirmado,0.0,1.0,1,1,35000,whatsapp,individual,359,0.0,35000.0,0.206557,0.224359,0.0,0.649485,0.0,0.0,0.0,0.821429,0.206557,2,2,4,0,1,2
597,7,222,PED-20240912-597,2025-09-12,07:30:00,pendiente,120000,whatsapp,,9,Sep,4,37,37,0,3,0,0,0,7,0.0,0,desconocido,sin_pago,0.0,0.0,3,1,120000,otro,individual,350,120000.0,40000.0,0.763934,0.0,1.0,0.752577,0.2,0.0,0.0,0.5,0.763934,3,2,1,3,1,0
598,16,222,PED-20240912-598,2025-09-12,11:30:00,entregado,156000,whatsapp,,9,Sep,4,37,37,0,3,0,0,1,11,156000.0,1,transferencia,confirmado,0.0,1.0,3,1,156000,otro,individual,355,0.0,52000.0,1.0,1.0,0.0,1.0,0.2,0.0,1.0,0.678571,1.0,2,2,4,0,1,0
599,25,223,PED-20240913-599,2025-09-13,11:30:00,entregado,56000,whatsapp,Decorar la caja,9,Sep,5,37,37,1,3,0,0,1,11,56000.0,1,efectivo,pendiente,1.0,0.0,2,1,56000,whatsapp,empresa,343,0.0,28000.0,0.344262,0.358974,0.0,0.505155,0.1,0.0,1.0,0.25,0.344262,2,2,2,1,0,2
600,4,223,PED-20240913-600,2025-09-13,08:00:00,entregado,66000,whatsapp,Para regalo,9,Sep,5,37,37,1,3,0,0,1,8,66000.0,1,nequi,confirmado,0.0,1.0,2,1,66000,whatsapp,individual,337,0.0,33000.0,0.409836,0.423077,0.0,0.608247,0.1,0.0,0.25,0.035714,0.409836,2,2,3,0,1,2
601,9,223,PED-20240913-601,2025-09-13,11:00:00,entregado,34500,whatsapp,Con tarjeta feliz cumpleaños,9,Sep,5,37,37,1,3,0,0,1,11,34500.0,1,nequi,confirmado,0.0,1.0,5,3,34500,whatsapp,individual,349,0.0,6900.0,0.203279,0.221154,0.0,0.070103,0.4,0.666667,1.0,0.464286,0.203279,2,2,3,0,1,2
602,18,224,PED-20240914-602,2025-09-14,10:00:00,entregado,44500,manual,,9,Sep,6,37,37,1,3,0,0,1,10,44500.0,1,transferencia,confirmado,0.0,1.0,6,4,44500,whatsapp,individual,336,0.0,7416.67,0.268852,0.285256,0.0,0.080756,0.5,1.0,0.75,0.0,0.268852,2,0,4,0,1,2
603,25,224,PED-20240914-603,2025-09-14,11:00:00,entregado,156000,whatsapp,Llamar antes,9,Sep,6,37,37,1,3,0,0,1,11,156000.0,1,nequi,confirmado,0.0,1.0,3,1,156000,whatsapp,empresa,343,0.0,52000.0,1.0,1.0,0.0,1.0,0.2,0.0,1.0,0.25,1.0,2,2,3,0,0,2
604,9,224,PED-20240914-604,2025-09-14,11:00:00,entregado,58000,whatsapp,Decorar la caja,9,Sep,6,37,37,1,3,0,0,1,11,58000.0,1,transferencia,confirmado,0.0,1.0,3,2,58000,whatsapp,individual,349,0.0,19333.33,0.357377,0.371795,0.0,0.32646,0.2,0.333333,1.0,0.464286,0.357377,2,2,4,0,1,2
605,19,225,PED-20240916-605,2025-09-16,08:00:00,entregado,84000,manual,,9,Sep,1,38,38,0,3,0,0,1,8,84000.0,1,nequi,confirmado,0.0,1.0,3,1,84000,whatsapp,individual,337,0.0,28000.0,0.527869,0.538462,0.0,0.505155,0.2,0.0,0.25,0.035714,0.527869,2,0,3,0,1,2
606,4,225,PED-20240916-606,2025-09-16,09:00:00,cancelado,52500,whatsapp,Con tarjeta feliz cumpleaños,9,Sep,1,38,38,0,3,0,1,0,9,0.0,0,desconocido,sin_pago,0.0,0.0,7,3,52500,whatsapp,individual,337,52500.0,7500.0,0.321311,0.0,0.4375,0.082474,0.6,0.666667,0.5,0.035714,0.321311,0,2,1,3,1,2
607,19,226,PED-20240917-607,2025-09-17,07:30:00,entregado,61000,whatsapp,Entregar en portería,9,Sep,2,38,38,0,3,0,0,1,7,61000.0,1,transferencia,confirmado,0.0,1.0,2,2,61000,whatsapp,individual,337,0.0,30500.0,0.377049,0.391026,0.0,0.556701,0.1,0.333333,0.0,0.035714,0.377049,2,2,4,0,1,2
608,11,227,PED-20240918-608,2025-09-18,09:00:00,entregado,105000,whatsapp,Con tarjeta feliz cumpleaños,9,Sep,3,38,38,0,3,0,0,1,9,105000.0,1,daviplata,confirmado,0.0,1.0,3,1,105000,whatsapp,individual,336,0.0,35000.0,0.665574,0.673077,0.0,0.649485,0.2,0.0,0.5,0.0,0.665574,2,2,0,0,1,2
609,10,227,PED-20240918-609,2025-09-18,07:30:00,entregado,32500,whatsapp,,9,Sep,3,38,38,0,3,0,0,1,7,32500.0,1,daviplata,confirmado,0.0,1.0,2,2,32500,whatsapp,individual,345,0.0,16250.0,0.190164,0.208333,0.0,0.262887,0.1,0.333333,0.0,0.321429,0.190164,2,2,0,0,1,2
610,16,228,PED-20240919-610,2025-09-19,09:30:00,entregado,84000,whatsapp,Con tarjeta feliz cumpleaños,9,Sep,4,38,38,0,3,0,0,1,9,84000.0,1,daviplata,confirmado,0.0,1.0,3,1,84000,otro,individual,355,0.0,28000.0,0.527869,0.538462,0.0,0.505155,0.2,0.0,0.5,0.678571,0.527869,2,2,0,0,1,0
611,22,228,PED-20240919-611,2025-09-19,09:30:00,entregado,37000,whatsapp,,9,Sep,4,38,38,0,3,0,0,1,9,37000.0,1,efectivo,confirmado,0.0,0.0,3,2,37000,otro,empresa,360,0.0,12333.33,0.219672,0.237179,0.0,0.182131,0.2,0.333333,0.5,0.857143,0.219672,2,2,2,0,0,0
612,13,228,PED-20240919-612,2025-09-19,11:00:00,desconocido,56000,whatsapp,,9,Sep,4,38,38,0,3,0,0,0,11,56000.0,1,nequi,confirmado,0.0,1.0,2,1,56000,whatsapp,individual,345,0.0,28000.0,0.344262,0.358974,0.0,0.505155,0.1,0.0,1.0,0.321429,0.344262,1,2,3,0,1,2
613,12,228,PED-20240919-613,2025-09-19,11:00:00,cancelado,37500,whatsapp,,9,Sep,4,38,38,0,3,0,1,0,11,0.0,0,desconocido,sin_pago,0.0,0.0,6,2,37500,whatsapp,individual,353,37500.0,6250.0,0.222951,0.0,0.3125,0.056701,0.5,0.333333,1.0,0.607143,0.222951,0,2,1,3,1,2
614,17,228,PED-20240919-614,2025-09-19,08:00:00,entregado,156000,whatsapp,Pago contra entrega,9,Sep,4,38,38,0,3,0,0,1,8,156000.0,1,nequi,confirmado,0.0,1.0,3,1,156000,whatsapp,individual,338,0.0,52000.0,1.0,1.0,0.0,1.0,0.2,0.0,0.25,0.071429,1.0,2,2,3,0,1,2
615,21,229,PED-20240920-615,2025-09-20,08:00:00,entregado,36000,whatsapp,Llamar antes,9,Sep,5,38,38,1,3,1,0,1,8,36000.0,1,nequi,confirmado,0.0,1.0,2,2,36000,presencial,empresa,351,0.0,18000.0,0.213115,0.230769,0.0,0.298969,0.1,0.333333,0.25,0.535714,0.213115,2,2,3,0,0,1
616,25,229,PED-20240920-616,2025-09-20,10:30:00,entregado,45000,otro,Con tarjeta feliz cumpleaños,9,Sep,5,38,38,1,3,1,0,1,10,45000.0,1,daviplata,confirmado,0.0,1.0,7,3,45000,whatsapp,empresa,343,0.0,6428.57,0.272131,0.288462,0.0,0.060383,0.6,0.666667,0.75,0.25,0.272131,2,1,0,0,0,2
617,19,229,PED-20240920-617,2025-09-20,08:00:00,entregado,56000,whatsapp,,9,Sep,5,38,38,1,3,1,0,1,8,56000.0,1,efectivo,confirmado,0.0,0.0,2,1,56000,whatsapp,individual,337,0.0,28000.0,0.344262,0.358974,0.0,0.505155,0.1,0.0,0.25,0.035714,0.344262,2,2,2,0,1,2
618,7,229,PED-20240920-618,2025-09-20,09:30:00,entregado,56000,whatsapp,,9,Sep,5,38,38,1,3,1,0,1,9,56000.0,1,daviplata,confirmado,0.0,1.0,2,1,56000,otro,individual,350,0.0,28000.0,0.344262,0.358974,0.0,0.505155,0.1,0.0,0.5,0.5,0.344262,2,2,0,0,1,0
619,6,229,PED-20240920-619,2025-09-20,08:00:00,entregado,16000,whatsapp,,9,Sep,5,38,38,1,3,1,0,1,8,16000.0,1,efectivo,confirmado,0.0,0.0,2,1,16000,presencial,individual,358,0.0,8000.0,0.081967,0.102564,0.0,0.092784,0.1,0.0,0.25,0.785714,0.081967,2,2,2,0,1,1
620,10,229,PED-20240920-620,2025-09-20,07:00:00,entregado,80000,whatsapp,Llamar antes,9,Sep,5,38,38,1,3,1,0,1,7,80000.0,1,daviplata,confirmado,0.0,1.0,2,1,80000,whatsapp,individual,345,0.0,40000.0,0.501639,0.512821,0.0,0.752577,0.1,0.0,0.0,0.321429,0.501639,2,2,0,0,1,2
621,4,229,PED-20240920-621,2025-09-20,08:30:00,entregado,43000,whatsapp,Con tarjeta feliz cumpleaños,9,Sep,5,38,38,1,3,1,0,1,8,43000.0,1,transferencia,confirmado,0.0,1.0,3,2,43000,whatsapp,individual,337,0.0,14333.33,0.259016,0.275641,0.0,0.223368,0.2,0.333333,0.25,0.035714,0.259016,2,2,4,0,1,2
622,12,229,PED-20240920-622,2025-09-20,08:00:00,entregado,40500,whatsapp,Pago contra entrega,9,Sep,5,38,38,1,3,1,0,1,8,40500.0,1,efectivo,confirmado,0.0,0.0,5,2,40500,whatsapp,individual,353,0.0,8100.0,0.242623,0.259615,0.0,0.094845,0.4,0.333333,0.25,0.607143,0.242623,2,2,2,0,1,2
623,20,229,PED-20240920-623,2025-09-20,09:30:00,entregado,43000,whatsapp,Pago contra entrega,9,Sep,5,38,38,1,3,1,0,1,9,43000.0,1,daviplata,pendiente,1.0,1.0,7,4,43000,whatsapp,individual,340,0.0,6142.86,0.259016,0.275641,0.0,0.054492,0.6,1.0,0.5,0.142857,0.259016,2,2,0,1,1,2
624,16,229,PED-20240920-624,2025-09-20,08:00:00,entregado,99000,whatsapp,,9,Sep,5,38,38,1,3,1,0,1,8,99000.0,1,nequi,confirmado,0.0,1.0,3,1,99000,otro,individual,355,0.0,33000.0,0.62623,0.634615,0.0,0.608247,0.2,0.0,0.25,0.678571,0.62623,2,2,3,0,1,0
625,13,229,PED-20240920-625,2025-09-20,08:30:00,entregado,36500,whatsapp,Entregar en portería,9,Sep,5,38,38,1,3,1,0,1,8,36500.0,1,daviplata,confirmado,0.0,1.0,2,2,36500,whatsapp,individual,345,0.0,18250.0,0.216393,0.233974,0.0,0.304124,0.1,0.333333,0.25,0.321429,0.216393,2,2,0,0,1,2
626,6,229,PED-20240920-626,2025-09-20,08:00:00,entregado,43000,whatsapp,Con tarjeta feliz cumpleaños,9,Sep,5,38,38,1,3,1,0,1,8,43000.0,1,efectivo,confirmado,0.0,0.0,3,2,43000,presencial,individual,358,0.0,14333.33,0.259016,0.275641,0.0,0.223368,0.2,0.333333,0.25,0.785714,0.259016,2,2,2,0,1,1
627,21,230,PED-20240921-627,2025-09-21,09:00:00,entregado,64000,whatsapp,Decorar la caja,9,Sep,6,38,38,1,3,0,0,1,9,64000.0,1,nequi,confirmado,0.0,1.0,9,4,64000,presencial,empresa,351,0.0,7111.11,0.396721,0.410256,0.0,0.074456,0.8,1.0,0.5,0.535714,0.396721,2,2,3,0,0,1
628,23,230,PED-20240921-628,2025-09-21,07:00:00,entregado,156000,whatsapp,,9,Sep,6,38,38,1,3,0,0,1,7,156000.0,1,daviplata,confirmado,0.0,1.0,3,1,156000,whatsapp,empresa,355,0.0,52000.0,1.0,1.0,0.0,1.0,0.2,0.0,0.0,0.678571,1.0,2,2,0,0,0,2
629,10,230,PED-20240921-629,2025-09-21,07:00:00,entregado,84000,whatsapp,,9,Sep,6,38,38,1,3,0,0,1,7,84000.0,1,daviplata,pendiente,1.0,1.0,3,1,84000,whatsapp,individual,345,0.0,28000.0,0.527869,0.538462,0.0,0.505155,0.2,0.0,0.0,0.321429,0.527869,2,2,0,1,1,2
630,21,230,PED-20240921-630,2025-09-21,08:30:00,entregado,104000,otro,Entregar en portería,9,Sep,6,38,38,1,3,0,0,1,8,104000.0,1,nequi,rechazado,1.0,1.0,2,1,104000,presencial,empresa,351,0.0,52000.0,0.659016,0.666667,0.0,1.0,0.1,0.0,0.25,0.535714,0.659016,2,1,3,2,0,1
631,14,230,PED-20240921-631,2025-09-21,11:30:00,entregado,120000,whatsapp,,9,Sep,6,38,38,1,3,0,0,1,11,120000.0,1,transferencia,confirmado,0.0,1.0,3,1,120000,whatsapp,individual,359,0.0,40000.0,0.763934,0.769231,0.0,0.752577,0.2,0.0,1.0,0.821429,0.763934,2,2,4,0,1,2
632,20,230,PED-20240921-632,2025-09-21,11:00:00,entregado,80000,whatsapp,,9,Sep,6,38,38,1,3,0,0,1,11,80000.0,1,transferencia,confirmado,0.0,1.0,2,1,80000,whatsapp,individual,340,0.0,40000.0,0.501639,0.512821,0.0,0.752577,0.1,0.0,1.0,0.142857,0.501639,2,2,4,0,1,2
633,9,230,PED-20240921-633,2025-09-21,10:30:00,entregado,24000,whatsapp,Pago contra entrega,9,Sep,6,38,38,1,3,0,0,1,10,24000.0,1,transferencia,confirmado,0.0,1.0,3,1,24000,whatsapp,individual,349,0.0,8000.0,0.134426,0.153846,0.0,0.092784,0.2,0.0,0.75,0.464286,0.134426,2,2,4,0,1,2
634,22,230,PED-20240921-634,2025-09-21,08:00:00,entregado,99000,whatsapp,Para regalo,9,Sep,6,38,38,1,3,0,0,1,8,99000.0,1,transferencia,pendiente,1.0,1.0,3,1,99000,otro,empresa,360,0.0,33000.0,0.62623,0.634615,0.0,0.608247,0.2,0.0,0.25,0.857143,0.62623,2,2,4,1,0,0
635,9,230,PED-20240921-635,2025-09-21,11:30:00,entregado,46000,whatsapp,Con tarjeta feliz cumpleaños,9,Sep,6,38,38,1,3,0,0,1,11,46000.0,1,nequi,confirmado,0.0,1.0,3,2,46000,whatsapp,individual,349,0.0,15333.33,0.278689,0.294872,0.0,0.243986,0.2,0.333333,1.0,0.464286,0.278689,2,2,3,0,1,2
636,12,230,PED-20240921-636,2025-09-21,07:00:00,entregado,35000,whatsapp,Para regalo,9,Sep,6,38,38,1,3,0,0,1,7,35000.0,1,nequi,pendiente,1.0,1.0,1,1,35000,whatsapp,individual,353,0.0,35000.0,0.206557,0.224359,0.0,0.649485,0.0,0.0,0.0,0.607143,0.206557,2,2,3,1,1,2
637,10,231,PED-20240923-637,2025-09-23,07:30:00,entregado,104000,whatsapp,,9,Sep,1,39,39,0,3,0,0,1,7,104000.0,1,nequi,pendiente,1.0,1.0,2,1,104000,whatsapp,individual,345,0.0,52000.0,0.659016,0.666667,0.0,1.0,0.1,0.0,0.0,0.321429,0.659016,2,2,3,1,1,2
638,16,232,PED-20240924-638,2025-09-24,09:30:00,entregado,29500,whatsapp,,9,Sep,2,39,39,0,3,0,0,1,9,29500.0,1,nequi,pendiente,1.0,1.0,5,4,29500,otro,individual,355,0.0,5900.0,0.170492,0.189103,0.0,0.049485,0.4,1.0,0.5,0.678571,0.170492,2,2,3,1,1,0
639,6,232,PED-20240924-639,2025-09-24,07:30:00,entregado,66000,manual,,9,Sep,2,39,39,0,3,0,0,1,7,66000.0,1,daviplata,confirmado,0.0,1.0,2,1,66000,presencial,individual,358,0.0,33000.0,0.409836,0.423077,0.0,0.608247,0.1,0.0,0.0,0.785714,0.409836,2,0,0,0,1,1
640,23,232,PED-20240924-640,2025-09-24,07:30:00,entregado,66000,whatsapp,,9,Sep,2,39,39,0,3,0,0,1,7,66000.0,1,nequi,confirmado,0.0,1.0,2,1,66000,whatsapp,empresa,355,0.0,33000.0,0.409836,0.423077,0.0,0.608247,0.1,0.0,0.0,0.678571,0.409836,2,2,3,0,0,2
641,7,233,PED-20240925-641,2025-09-25,10:00:00,entregado,70000,whatsapp,,9,Sep,3,39,39,0,3,0,0,1,10,70000.0,1,nequi,confirmado,0.0,1.0,2,1,70000,otro,individual,350,0.0,35000.0,0.436066,0.448718,0.0,0.649485,0.1,0.0,0.75,0.5,0.436066,2,2,3,0,1,0
642,22,233,PED-20240925-642,2025-09-25,11:30:00,entregado,156000,whatsapp,,9,Sep,3,39,39,0,3,0,0,1,11,156000.0,1,efectivo,confirmado,0.0,0.0,3,1,156000,otro,empresa,360,0.0,52000.0,1.0,1.0,0.0,1.0,0.2,0.0,1.0,0.857143,1.0,2,2,2,0,0,0
643,19,233,PED-20240925-643,2025-09-25,07:00:00,entregado,16000,whatsapp,Para regalo,9,Sep,3,39,39,0,3,0,0,1,7,16000.0,1,transferencia,confirmado,0.0,1.0,2,1,16000,whatsapp,individual,337,0.0,8000.0,0.081967,0.102564,0.0,0.092784,0.1,0.0,0.0,0.035714,0.081967,2,2,4,0,1,2
644,25,234,PED-20240926-644,2025-09-26,09:30:00,entregado,36000,whatsapp,,9,Sep,4,39,39,0,3,0,0,1,9,36000.0,1,nequi,confirmado,0.0,1.0,2,2,36000,whatsapp,empresa,343,0.0,18000.0,0.213115,0.230769,0.0,0.298969,0.1,0.333333,0.5,0.25,0.213115,2,2,3,0,0,2
645,5,234,PED-20240926-645,2025-09-26,08:30:00,entregado,156000,whatsapp,Con tarjeta feliz cumpleaños,9,Sep,4,39,39,0,3,0,0,1,8,156000.0,1,transferencia,pendiente,1.0,1.0,3,1,156000,whatsapp,individual,349,0.0,52000.0,1.0,1.0,0.0,1.0,0.2,0.0,0.25,0.464286,1.0,2,2,4,1,1,2
646,8,235,PED-20240927-646,2025-09-27,08:00:00,entregado,28000,whatsapp,Decorar la caja,9,Sep,5,39,39,1,3,0,0,1,8,28000.0,1,transferencia,pendiente,1.0,1.0,1,1,28000,presencial,individual,345,0.0,28000.0,0.160656,0.179487,0.0,0.505155,0.0,0.0,0.25,0.321429,0.160656,2,2,4,1,1,1
647,10,236,PED-20240928-647,2025-09-28,07:30:00,entregado,49000,whatsapp,Entregar en portería,9,Sep,6,39,39,1,3,0,0,1,7,49000.0,1,efectivo,confirmado,0.0,0.0,6,3,49000,whatsapp,individual,345,0.0,8166.67,0.298361,0.314103,0.0,0.09622,0.5,0.666667,0.0,0.321429,0.298361,2,2,2,0,1,2
648,24,236,PED-20240928-648,2025-09-28,08:00:00,entregado,99000,whatsapp,Pago contra entrega,9,Sep,6,39,39,1,3,0,0,1,8,99000.0,1,daviplata,confirmado,0.0,1.0,3,1,99000,whatsapp,empresa,364,0.0,33000.0,0.62623,0.634615,0.0,0.608247,0.2,0.0,0.25,1.0,0.62623,2,2,0,0,0,2
649,3,237,PED-20240930-649,2025-09-30,09:00:00,entregado,80000,manual,Decorar la caja,9,Sep,1,40,40,0,3,0,0,1,9,80000.0,1,nequi,confirmado,0.0,1.0,2,1,80000,otro,individual,358,0.0,40000.0,0.501639,0.512821,0.0,0.752577,0.1,0.0,0.5,0.785714,0.501639,2,0,3,0,1,0
650,25,238,PED-20241001-650,2025-10-01,09:00:00,entregado,80000,whatsapp,,10,Oct,2,40,40,0,4,0,0,1,9,80000.0,1,transferencia,pendiente,1.0,1.0,10,4,80000,whatsapp,empresa,343,0.0,8000.0,0.501639,0.512821,0.0,0.092784,0.9,1.0,0.5,0.25,0.501639,2,2,4,1,0,2
651,20,239,PED-20241002-651,2025-10-02,08:00:00,entregado,7500,whatsapp,Decorar la caja,10,Oct,3,40,40,0,4,0,0,1,8,7500.0,1,transferencia,confirmado,0.0,1.0,1,1,7500,whatsapp,individual,340,0.0,7500.0,0.02623,0.048077,0.0,0.082474,0.0,0.0,0.25,0.142857,0.02623,2,2,4,0,1,2
652,19,239,PED-20241002-652,2025-10-02,11:00:00,cancelado,67500,manual,,10,Oct,3,40,40,0,4,0,1,0,11,0.0,0,desconocido,sin_pago,0.0,0.0,8,3,67500,whatsapp,individual,337,67500.0,8437.5,0.419672,0.0,0.5625,0.101804,0.7,0.666667,1.0,0.035714,0.419672,0,0,1,3,1,2
653,1,240,PED-20241003-653,2025-10-03,09:00:00,desconocido,52000,manual,Llamar antes,10,Oct,4,40,40,0,4,0,0,0,9,52000.0,1,nequi,confirmado,0.0,1.0,2,1,52000,whatsapp,individual,360,0.0,26000.0,0.318033,0.333333,0.0,0.463918,0.1,0.0,0.5,0.857143,0.318033,1,0,3,0,1,2
654,20,240,PED-20241003-654,2025-10-03,08:00:00,desconocido,48000,whatsapp,Para regalo,10,Oct,4,40,40,0,4,0,0,0,8,48000.0,1,transferencia,confirmado,0.0,1.0,2,2,48000,whatsapp,individual,340,0.0,24000.0,0.291803,0.307692,0.0,0.42268,0.1,0.333333,0.25,0.142857,0.291803,1,2,4,0,1,2
655,6,241,PED-20241004-655,2025-10-04,07:30:00,entregado,99000,whatsapp,Decorar la caja,10,Oct,5,40,40,1,4,0,0,1,7,99000.0,1,transferencia,confirmado,0.0,1.0,3,1,99000,presencial,individual,358,0.0,33000.0,0.62623,0.634615,0.0,0.608247,0.2,0.0,0.0,0.785714,0.62623,2,2,4,0,1,1
656,16,241,PED-20241004-656,2025-10-04,11:00:00,entregado,56000,whatsapp,Entregar en portería,10,Oct,5,40,40,1,4,0,0,1,11,56000.0,1,transferencia,confirmado,0.0,1.0,2,1,56000,otro,individual,355,0.0,28000.0,0.344262,0.358974,0.0,0.505155,0.1,0.0,1.0,0.678571,0.344262,2,2,4,0,1,0
657,9,241,PED-20241004-657,2025-10-04,07:30:00,entregado,46000,whatsapp,Llamar antes,10,Oct,5,40,40,1,4,0,0,1,7,46000.0,1,transferencia,confirmado,0.0,1.0,3,2,46000,whatsapp,individual,349,0.0,15333.33,0.278689,0.294872,0.0,0.243986,0.2,0.333333,0.0,0.464286,0.278689,2,2,4,0,1,2
658,1,242,PED-20241005-658,2025-10-05,11:00:00,cancelado,9000,whatsapp,Pago contra entrega,10,Oct,6,40,40,1,4,0,1,0,11,0.0,0,desconocido,sin_pago,0.0,0.0,2,1,9000,whatsapp,individual,360,9000.0,4500.0,0.036066,0.0,0.075,0.020619,0.1,0.0,1.0,0.857143,0.036066,0,2,1,3,1,2
659,12,242,PED-20241005-659,2025-10-05,10:30:00,entregado,34500,whatsapp,,10,Oct,6,40,40,1,4,0,0,1,10,34500.0,1,transferencia,confirmado,0.0,1.0,4,2,34500,whatsapp,individual,353,0.0,8625.0,0.203279,0.221154,0.0,0.10567,0.3,0.333333,0.75,0.607143,0.203279,2,2,4,0,1,2
660,14,242,PED-20241005-660,2025-10-05,10:30:00,entregado,8000,whatsapp,Para regalo,10,Oct,6,40,40,1,4,0,0,1,10,8000.0,1,nequi,confirmado,0.0,1.0,1,1,8000,whatsapp,individual,359,0.0,8000.0,0.029508,0.051282,0.0,0.092784,0.0,0.0,0.75,0.821429,0.029508,2,2,3,0,1,2
661,1,243,PED-20241007-661,2025-10-07,09:00:00,entregado,42500,whatsapp,Para regalo,10,Oct,1,41,41,0,4,0,0,1,9,42500.0,1,nequi,pendiente,1.0,1.0,6,3,42500,whatsapp,individual,360,0.0,7083.33,0.255738,0.272436,0.0,0.073883,0.5,0.666667,0.5,0.857143,0.255738,2,2,3,1,1,2
662,10,243,PED-20241007-662,2025-10-07,10:30:00,entregado,84000,whatsapp,Pago contra entrega,10,Oct,1,41,41,0,4,0,0,1,10,84000.0,1,efectivo,confirmado,0.0,0.0,3,1,84000,whatsapp,individual,345,0.0,28000.0,0.527869,0.538462,0.0,0.505155,0.2,0.0,0.75,0.321429,0.527869,2,2,2,0,1,2
663,15,243,PED-20241007-663,2025-10-07,10:00:00,entregado,41000,whatsapp,Llamar antes,10,Oct,1,41,41,0,4,0,0,1,10,41000.0,1,daviplata,pendiente,1.0,1.0,2,2,41000,whatsapp,individual,337,0.0,20500.0,0.245902,0.262821,0.0,0.350515,0.1,0.333333,0.75,0.035714,0.245902,2,2,0,1,1,2
664,13,244,PED-20241008-664,2025-10-08,07:00:00,entregado,70000,whatsapp,Con tarjeta feliz cumpleaños,10,Oct,2,41,41,0,4,0,0,1,7,70000.0,1,nequi,confirmado,0.0,1.0,2,1,70000,whatsapp,individual,345,0.0,35000.0,0.436066,0.448718,0.0,0.649485,0.1,0.0,0.0,0.321429,0.436066,2,2,3,0,1,2
665,3,245,PED-20241009-665,2025-10-09,10:00:00,cancelado,105000,whatsapp,,10,Oct,3,41,41,0,4,0,1,0,10,0.0,0,desconocido,sin_pago,0.0,0.0,3,1,105000,otro,individual,358,105000.0,35000.0,0.665574,0.0,0.875,0.649485,0.2,0.0,0.75,0.785714,0.665574,0,2,1,3,1,0
666,25,245,PED-20241009-666,2025-10-09,11:00:00,entregado,70000,whatsapp,Decorar la caja,10,Oct,3,41,41,0,4,0,0,1,11,70000.0,1,transferencia,confirmado,0.0,1.0,2,1,70000,whatsapp,empresa,343,0.0,35000.0,0.436066,0.448718,0.0,0.649485,0.1,0.0,1.0,0.25,0.436066,2,2,4,0,0,2
667,24,245,PED-20241009-667,2025-10-09,08:30:00,entregado,70000,whatsapp,Decorar la caja,10,Oct,3,41,41,0,4,0,0,1,8,70000.0,1,daviplata,confirmado,0.0,1.0,2,1,70000,whatsapp,empresa,364,0.0,35000.0,0.436066,0.448718,0.0,0.649485,0.1,0.0,0.25,1.0,0.436066,2,2,0,0,0,2
668,24,246,PED-20241010-668,2025-10-10,11:30:00,entregado,156000,whatsapp,Llamar antes,10,Oct,4,41,41,0,4,0,0,1,11,156000.0,1,daviplata,confirmado,0.0,1.0,3,1,156000,whatsapp,empresa,364,0.0,52000.0,1.0,1.0,0.0,1.0,0.2,0.0,1.0,1.0,1.0,2,2,0,0,0,2
669,16,246,PED-20241010-669,2025-10-10,08:00:00,entregado,99000,whatsapp,,10,Oct,4,41,41,0,4,0,0,1,8,99000.0,1,nequi,confirmado,0.0,1.0,3,1,99000,otro,individual,355,0.0,33000.0,0.62623,0.634615,0.0,0.608247,0.2,0.0,0.25,0.678571,0.62623,2,2,3,0,1,0
670,17,247,PED-20241011-670,2025-10-11,07:30:00,entregado,54000,whatsapp,,10,Oct,5,41,41,1,4,0,0,1,7,54000.0,1,efectivo,confirmado,0.0,0.0,7,3,54000,whatsapp,individual,338,0.0,7714.29,0.331148,0.346154,0.0,0.086893,0.6,0.666667,0.0,0.071429,0.331148,2,2,2,0,1,2
671,2,247,PED-20241011-671,2025-10-11,07:00:00,entregado,65000,whatsapp,Para regalo,10,Oct,5,41,41,1,4,0,0,1,7,65000.0,1,nequi,confirmado,0.0,1.0,9,4,65000,otro,individual,362,0.0,7222.22,0.403279,0.416667,0.0,0.076747,0.8,1.0,0.0,0.928571,0.403279,2,2,3,0,1,0
672,6,247,PED-20241011-672,2025-10-11,08:30:00,entregado,25500,manual,Con tarjeta feliz cumpleaños,10,Oct,5,41,41,1,4,0,0,1,8,25500.0,1,daviplata,confirmado,0.0,1.0,3,1,25500,presencial,individual,358,0.0,8500.0,0.144262,0.163462,0.0,0.103093,0.2,0.0,0.25,0.785714,0.144262,2,0,0,0,1,1
673,16,248,PED-20241012-673,2025-10-12,09:00:00,entregado,84000,manual,Decorar la caja,10,Oct,6,41,41,1,4,0,0,1,9,84000.0,1,transferencia,pendiente,1.0,1.0,3,1,84000,otro,individual,355,0.0,28000.0,0.527869,0.538462,0.0,0.505155,0.2,0.0,0.5,0.678571,0.527869,2,0,4,1,1,0
674,25,248,PED-20241012-674,2025-10-12,07:00:00,entregado,34000,whatsapp,Con tarjeta feliz cumpleaños,10,Oct,6,41,41,1,4,0,0,1,7,34000.0,1,nequi,confirmado,0.0,1.0,5,2,34000,whatsapp,empresa,343,0.0,6800.0,0.2,0.217949,0.0,0.068041,0.4,0.333333,0.0,0.25,0.2,2,2,3,0,0,2
675,15,249,PED-20241014-675,2025-10-14,08:00:00,entregado,31000,whatsapp,Con tarjeta feliz cumpleaños,10,Oct,1,42,42,0,4,0,0,1,8,31000.0,1,nequi,confirmado,0.0,1.0,5,2,31000,whatsapp,individual,337,0.0,6200.0,0.180328,0.198718,0.0,0.05567,0.4,0.333333,0.25,0.035714,0.180328,2,2,3,0,1,2
676,16,250,PED-20241015-676,2025-10-15,08:00:00,entregado,105000,manual,Llamar antes,10,Oct,2,42,42,0,4,0,0,1,8,105000.0,1,transferencia,confirmado,0.0,1.0,3,1,105000,otro,individual,355,0.0,35000.0,0.665574,0.673077,0.0,0.649485,0.2,0.0,0.25,0.678571,0.665574,2,0,4,0,1,0
677,10,250,PED-20241015-677,2025-10-15,07:30:00,entregado,32500,whatsapp,Para regalo,10,Oct,2,42,42,0,4,0,0,1,7,32500.0,1,daviplata,confirmado,0.0,1.0,2,2,32500,whatsapp,individual,345,0.0,16250.0,0.190164,0.208333,0.0,0.262887,0.1,0.333333,0.0,0.321429,0.190164,2,2,0,0,1,2
678,2,250,PED-20241015-678,2025-10-15,11:00:00,entregado,52000,whatsapp,Entregar en portería,10,Oct,2,42,42,0,4,0,0,1,11,52000.0,1,nequi,confirmado,0.0,1.0,1,1,52000,otro,individual,362,0.0,52000.0,0.318033,0.333333,0.0,1.0,0.0,0.0,1.0,0.928571,0.318033,2,2,3,0,1,0
679,20,251,PED-20241016-679,2025-10-16,11:30:00,entregado,105000,whatsapp,Para regalo,10,Oct,3,42,42,0,4,0,0,1,11,105000.0,1,daviplata,confirmado,0.0,1.0,3,1,105000,whatsapp,individual,340,0.0,35000.0,0.665574,0.673077,0.0,0.649485,0.2,0.0,1.0,0.142857,0.665574,2,2,0,0,1,2
680,19,251,PED-20241016-680,2025-10-16,10:00:00,entregado,56000,whatsapp,Llamar antes,10,Oct,3,42,42,0,4,0,0,1,10,56000.0,1,nequi,confirmado,0.0,1.0,2,1,56000,whatsapp,individual,337,0.0,28000.0,0.344262,0.358974,0.0,0.505155,0.1,0.0,0.75,0.035714,0.344262,2,2,3,0,1,2
681,5,251,PED-20241016-681,2025-10-16,08:00:00,entregado,28000,whatsapp,,10,Oct,3,42,42,0,4,0,0,1,8,28000.0,1,transferencia,pendiente,1.0,1.0,1,1,28000,whatsapp,individual,349,0.0,28000.0,0.160656,0.179487,0.0,0.505155,0.0,0.0,0.25,0.464286,0.160656,2,2,4,1,1,2
682,10,252,PED-20241017-682,2025-10-17,11:30:00,entregado,35000,whatsapp,,10,Oct,4,42,42,0,4,0,0,1,11,35000.0,1,efectivo,pendiente,1.0,0.0,1,1,35000,whatsapp,individual,345,0.0,35000.0,0.206557,0.224359,0.0,0.649485,0.0,0.0,1.0,0.321429,0.206557,2,2,2,1,1,2
683,2,252,PED-20241017-683,2025-10-17,09:00:00,entregado,20000,whatsapp,,10,Oct,4,42,42,0,4,0,0,1,9,20000.0,1,transferencia,confirmado,0.0,1.0,4,2,20000,otro,individual,362,0.0,5000.0,0.108197,0.128205,0.0,0.030928,0.3,0.333333,0.5,0.928571,0.108197,2,2,4,0,1,0
684,9,253,PED-20241018-684,2025-10-18,11:00:00,entregado,66000,whatsapp,Decorar la caja,10,Oct,5,42,42,1,4,0,0,1,11,66000.0,1,nequi,confirmado,0.0,1.0,8,3,66000,whatsapp,individual,349,0.0,8250.0,0.409836,0.423077,0.0,0.097938,0.7,0.666667,1.0,0.464286,0.409836,2,2,3,0,1,2
685,2,254,PED-20241019-685,2025-10-19,11:30:00,entregado,56000,manual,Para regalo,10,Oct,6,42,42,1,4,0,0,1,11,56000.0,1,nequi,confirmado,0.0,1.0,2,1,56000,otro,individual,362,0.0,28000.0,0.344262,0.358974,0.0,0.505155,0.1,0.0,1.0,0.928571,0.344262,2,0,3,0,1,0
686,8,254,PED-20241019-686,2025-10-19,08:00:00,cancelado,105000,whatsapp,Entregar en portería,10,Oct,6,42,42,1,4,0,1,0,8,0.0,0,desconocido,sin_pago,0.0,0.0,3,1,105000,presencial,individual,345,105000.0,35000.0,0.665574,0.0,0.875,0.649485,0.2,0.0,0.25,0.321429,0.665574,0,2,1,3,1,1
687,8,254,PED-20241019-687,2025-10-19,09:30:00,entregado,43500,manual,Entregar en portería,10,Oct,6,42,42,1,4,0,0,1,9,43500.0,1,efectivo,confirmado,0.0,0.0,2,2,43500,presencial,individual,345,0.0,21750.0,0.262295,0.278846,0.0,0.376289,0.1,0.333333,0.5,0.321429,0.262295,2,0,2,0,1,1
688,2,254,PED-20241019-688,2025-10-19,10:30:00,entregado,14500,whatsapp,Pago contra entrega,10,Oct,6,42,42,1,4,0,0,1,10,14500.0,1,transferencia,confirmado,0.0,1.0,2,2,14500,otro,individual,362,0.0,7250.0,0.072131,0.092949,0.0,0.07732,0.1,0.333333,0.75,0.928571,0.072131,2,2,4,0,1,0
689,5,255,PED-20241021-689,2025-10-21,07:30:00,entregado,52000,whatsapp,Pago contra entrega,10,Oct,1,43,43,0,4,0,0,1,7,52000.0,1,nequi,confirmado,0.0,1.0,1,1,52000,whatsapp,individual,349,0.0,52000.0,0.318033,0.333333,0.0,1.0,0.0,0.0,0.0,0.464286,0.318033,2,2,3,0,1,2
690,9,255,PED-20241021-690,2025-10-21,09:00:00,entregado,36000,whatsapp,Para regalo,10,Oct,1,43,43,0,4,0,0,1,9,36000.0,1,daviplata,confirmado,0.0,1.0,4,2,36000,whatsapp,individual,349,0.0,9000.0,0.213115,0.230769,0.0,0.113402,0.3,0.333333,0.5,0.464286,0.213115,2,2,0,0,1,2
691,11,255,PED-20241021-691,2025-10-21,07:00:00,entregado,28000,whatsapp,Con tarjeta feliz cumpleaños,10,Oct,1,43,43,0,4,0,0,1,7,28000.0,1,nequi,confirmado,0.0,1.0,1,1,28000,whatsapp,individual,336,0.0,28000.0,0.160656,0.179487,0.0,0.505155,0.0,0.0,0.0,0.0,0.160656,2,2,3,0,1,2
692,7,256,PED-20241022-692,2025-10-22,11:30:00,entregado,33000,whatsapp,Pago contra entrega,10,Oct,2,43,43,0,4,0,0,1,11,33000.0,1,transferencia,confirmado,0.0,1.0,1,1,33000,otro,individual,350,0.0,33000.0,0.193443,0.211538,0.0,0.608247,0.0,0.0,1.0,0.5,0.193443,2,2,4,0,1,0
693,19,256,PED-20241022-693,2025-10-22,08:30:00,entregado,28000,whatsapp,Entregar en portería,10,Oct,2,43,43,0,4,0,0,1,8,28000.0,1,transferencia,confirmado,0.0,1.0,1,1,28000,whatsapp,individual,337,0.0,28000.0,0.160656,0.179487,0.0,0.505155,0.0,0.0,0.25,0.035714,0.160656,2,2,4,0,1,2
694,9,256,PED-20241022-694,2025-10-22,11:30:00,desconocido,120000,whatsapp,Llamar antes,10,Oct,2,43,43,0,4,0,0,0,11,120000.0,1,nequi,confirmado,0.0,1.0,3,1,120000,whatsapp,individual,349,0.0,40000.0,0.763934,0.769231,0.0,0.752577,0.2,0.0,1.0,0.464286,0.763934,1,2,3,0,1,2
695,8,257,PED-20241023-695,2025-10-23,08:30:00,entregado,58000,whatsapp,Entregar en portería,10,Oct,3,43,43,0,4,0,0,1,8,58000.0,1,efectivo,confirmado,0.0,0.0,7,3,58000,presencial,individual,345,0.0,8285.71,0.357377,0.371795,0.0,0.098674,0.6,0.666667,0.25,0.321429,0.357377,2,2,2,0,1,1
696,3,258,PED-20241024-696,2025-10-24,11:00:00,entregado,99000,whatsapp,Para regalo,10,Oct,4,43,43,0,4,0,0,1,11,99000.0,1,efectivo,pendiente,1.0,0.0,3,1,99000,otro,individual,358,0.0,33000.0,0.62623,0.634615,0.0,0.608247,0.2,0.0,1.0,0.785714,0.62623,2,2,2,1,1,0
697,2,258,PED-20241024-697,2025-10-24,09:30:00,entregado,33000,whatsapp,Para regalo,10,Oct,4,43,43,0,4,0,0,1,9,33000.0,1,nequi,confirmado,0.0,1.0,1,1,33000,otro,individual,362,0.0,33000.0,0.193443,0.211538,0.0,0.608247,0.0,0.0,0.5,0.928571,0.193443,2,2,3,0,1,0
698,3,258,PED-20241024-698,2025-10-24,09:30:00,entregado,56000,whatsapp,,10,Oct,4,43,43,0,4,0,0,1,9,56000.0,1,nequi,confirmado,0.0,1.0,3,2,56000,otro,individual,358,0.0,18666.67,0.344262,0.358974,0.0,0.312715,0.2,0.333333,0.5,0.785714,0.344262,2,2,3,0,1,0
699,20,259,PED-20241025-699,2025-10-25,07:30:00,entregado,105000,whatsapp,Llamar antes,10,Oct,5,43,43,1,4,0,0,1,7,105000.0,1,nequi,confirmado,0.0,1.0,3,1,105000,whatsapp,individual,340,0.0,35000.0,0.665574,0.673077,0.0,0.649485,0.2,0.0,0.0,0.142857,0.665574,2,2,3,0,1,2
700,10,260,PED-20241026-700,2025-10-26,08:30:00,entregado,49000,whatsapp,Para regalo,10,Oct,6,43,43,1,4,0,0,1,8,49000.0,1,nequi,confirmado,0.0,1.0,2,2,49000,whatsapp,individual,345,0.0,24500.0,0.298361,0.314103,0.0,0.43299,0.1,0.333333,0.25,0.321429,0.298361,2,2,3,0,1,2
701,13,260,PED-20241026-701,2025-10-26,09:00:00,desconocido,43500,whatsapp,Con tarjeta feliz cumpleaños,10,Oct,6,43,43,1,4,0,0,0,9,43500.0,1,nequi,confirmado,0.0,1.0,2,2,43500,whatsapp,individual,345,0.0,21750.0,0.262295,0.278846,0.0,0.376289,0.1,0.333333,0.5,0.321429,0.262295,1,2,3,0,1,2
702,1,260,PED-20241026-702,2025-10-26,07:30:00,entregado,84000,whatsapp,Llamar antes,10,Oct,6,43,43,1,4,0,0,1,7,84000.0,1,nequi,confirmado,0.0,1.0,3,1,84000,whatsapp,individual,360,0.0,28000.0,0.527869,0.538462,0.0,0.505155,0.2,0.0,0.0,0.857143,0.527869,2,2,3,0,1,2
703,2,261,PED-20241028-703,2025-10-28,10:30:00,entregado,60000,whatsapp,Decorar la caja,10,Oct,1,44,44,0,4,0,0,1,10,60000.0,1,transferencia,confirmado,0.0,1.0,9,4,60000,otro,individual,362,0.0,6666.67,0.370492,0.384615,0.0,0.065292,0.8,1.0,0.75,0.928571,0.370492,2,2,4,0,1,0
704,22,262,PED-20241029-704,2025-10-29,10:30:00,entregado,30500,whatsapp,,10,Oct,2,44,44,0,4,0,0,1,10,30500.0,1,efectivo,confirmado,0.0,0.0,4,2,30500,otro,empresa,360,0.0,7625.0,0.177049,0.195513,0.0,0.085052,0.3,0.333333,0.75,0.857143,0.177049,2,2,2,0,0,0
705,12,262,PED-20241029-705,2025-10-29,10:30:00,entregado,156000,whatsapp,Pago contra entrega,10,Oct,2,44,44,0,4,0,0,1,10,156000.0,1,efectivo,confirmado,0.0,0.0,3,1,156000,whatsapp,individual,353,0.0,52000.0,1.0,1.0,0.0,1.0,0.2,0.0,0.75,0.607143,1.0,2,2,2,0,1,2
706,11,263,PED-20241030-706,2025-10-30,11:00:00,entregado,40000,whatsapp,,10,Oct,3,44,44,0,4,0,0,1,11,40000.0,1,nequi,pendiente,1.0,1.0,1,1,40000,whatsapp,individual,336,0.0,40000.0,0.239344,0.25641,0.0,0.752577,0.0,0.0,1.0,0.0,0.239344,2,2,3,1,1,2
707,17,263,PED-20241030-707,2025-10-30,07:00:00,entregado,40000,whatsapp,,10,Oct,3,44,44,0,4,0,0,1,7,40000.0,1,transferencia,confirmado,0.0,1.0,1,1,40000,whatsapp,individual,338,0.0,40000.0,0.239344,0.25641,0.0,0.752577,0.0,0.0,0.0,0.071429,0.239344,2,2,4,0,1,2
708,10,264,PED-20241031-708,2025-10-31,08:00:00,entregado,36000,whatsapp,Entregar en portería,10,Oct,4,44,44,0,4,0,0,1,8,36000.0,1,nequi,confirmado,0.0,1.0,7,4,36000,whatsapp,individual,345,0.0,5142.86,0.213115,0.230769,0.0,0.033873,0.6,1.0,0.25,0.321429,0.213115,2,2,3,0,1,2
709,20,264,PED-20241031-709,2025-10-31,08:00:00,entregado,31000,whatsapp,Pago contra entrega,10,Oct,4,44,44,0,4,0,0,1,8,31000.0,1,nequi,confirmado,0.0,1.0,5,3,31000,whatsapp,individual,340,0.0,6200.0,0.180328,0.198718,0.0,0.05567,0.4,0.666667,0.25,0.142857,0.180328,2,2,3,0,1,2
710,2,264,PED-20241031-710,2025-10-31,07:00:00,entregado,87000,whatsapp,Con tarjeta feliz cumpleaños,10,Oct,4,44,44,0,4,0,0,1,7,87000.0,1,nequi,confirmado,0.0,1.0,11,4,87000,otro,individual,362,0.0,7909.09,0.547541,0.557692,0.0,0.090909,1.0,1.0,0.0,0.928571,0.547541,2,2,3,0,1,0
711,23,265,PED-20241101-711,2025-11-01,09:30:00,entregado,35000,whatsapp,Decorar la caja,11,Nov,5,44,44,1,4,0,0,1,9,35000.0,1,daviplata,confirmado,0.0,1.0,5,3,35000,whatsapp,empresa,355,0.0,7000.0,0.206557,0.224359,0.0,0.072165,0.4,0.666667,0.5,0.678571,0.206557,2,2,0,0,0,2
712,7,265,PED-20241101-712,2025-11-01,09:00:00,entregado,28000,whatsapp,Para regalo,11,Nov,5,44,44,1,4,0,0,1,9,28000.0,1,transferencia,confirmado,0.0,1.0,4,2,28000,otro,individual,350,0.0,7000.0,0.160656,0.179487,0.0,0.072165,0.3,0.333333,0.5,0.5,0.160656,2,2,4,0,1,0
713,10,265,PED-20241101-713,2025-11-01,10:30:00,entregado,84000,manual,Para regalo,11,Nov,5,44,44,1,4,0,0,1,10,84000.0,1,nequi,confirmado,0.0,1.0,3,1,84000,whatsapp,individual,345,0.0,28000.0,0.527869,0.538462,0.0,0.505155,0.2,0.0,0.75,0.321429,0.527869,2,0,3,0,1,2
714,22,266,PED-20241102-714,2025-11-02,07:30:00,entregado,42500,whatsapp,Con tarjeta feliz cumpleaños,11,Nov,6,44,44,1,4,0,0,1,7,42500.0,1,daviplata,confirmado,0.0,1.0,7,3,42500,otro,empresa,360,0.0,6071.43,0.255738,0.272436,0.0,0.053019,0.6,0.666667,0.0,0.857143,0.255738,2,2,0,0,0,0
715,21,266,PED-20241102-715,2025-11-02,09:00:00,entregado,80000,whatsapp,Con tarjeta feliz cumpleaños,11,Nov,6,44,44,1,4,0,0,1,9,80000.0,1,daviplata,confirmado,0.0,1.0,2,1,80000,presencial,empresa,351,0.0,40000.0,0.501639,0.512821,0.0,0.752577,0.1,0.0,0.5,0.535714,0.501639,2,2,0,0,0,1
716,11,266,PED-20241102-716,2025-11-02,07:00:00,entregado,9000,whatsapp,Para regalo,11,Nov,6,44,44,1,4,0,0,1,7,9000.0,1,nequi,confirmado,0.0,1.0,1,1,9000,whatsapp,individual,336,0.0,9000.0,0.036066,0.057692,0.0,0.113402,0.0,0.0,0.0,0.0,0.036066,2,2,3,0,1,2
717,6,267,PED-20241104-717,2025-11-04,08:30:00,entregado,105000,whatsapp,Con tarjeta feliz cumpleaños,11,Nov,1,45,45,0,4,0,0,1,8,105000.0,1,efectivo,confirmado,0.0,0.0,3,1,105000,presencial,individual,358,0.0,35000.0,0.665574,0.673077,0.0,0.649485,0.2,0.0,0.25,0.785714,0.665574,2,2,2,0,1,1
718,23,268,PED-20241105-718,2025-11-05,08:30:00,entregado,49000,manual,Decorar la caja,11,Nov,2,45,45,0,4,0,0,1,8,49000.0,1,daviplata,confirmado,0.0,1.0,3,2,49000,whatsapp,empresa,355,0.0,16333.33,0.298361,0.314103,0.0,0.264605,0.2,0.333333,0.25,0.678571,0.298361,2,0,0,0,0,2
719,11,268,PED-20241105-719,2025-11-05,07:00:00,entregado,48000,whatsapp,Entregar en portería,11,Nov,2,45,45,0,4,0,0,1,7,48000.0,1,transferencia,confirmado,0.0,1.0,2,2,48000,whatsapp,individual,336,0.0,24000.0,0.291803,0.307692,0.0,0.42268,0.1,0.333333,0.0,0.0,0.291803,2,2,4,0,1,2
720,8,268,PED-20241105-720,2025-11-05,09:30:00,entregado,52000,whatsapp,Llamar antes,11,Nov,2,45,45,0,4,0,0,1,9,52000.0,1,transferencia,pendiente,1.0,1.0,2,1,52000,presencial,individual,345,0.0,26000.0,0.318033,0.333333,0.0,0.463918,0.1,0.0,0.5,0.321429,0.318033,2,2,4,1,1,1
721,18,269,PED-20241106-721,2025-11-06,09:00:00,entregado,23000,whatsapp,Llamar antes,11,Nov,3,45,45,0,4,0,0,1,9,23000.0,1,daviplata,confirmado,0.0,1.0,4,3,23000,whatsapp,individual,336,0.0,5750.0,0.127869,0.147436,0.0,0.046392,0.3,0.666667,0.5,0.0,0.127869,2,2,0,0,1,2
722,18,270,PED-20241107-722,2025-11-07,09:00:00,entregado,57000,whatsapp,Pago contra entrega,11,Nov,4,45,45,0,4,0,0,1,9,57000.0,1,daviplata,confirmado,0.0,1.0,3,2,57000,whatsapp,individual,336,0.0,19000.0,0.35082,0.365385,0.0,0.319588,0.2,0.333333,0.5,0.0,0.35082,2,2,0,0,1,2
723,17,270,PED-20241107-723,2025-11-07,11:30:00,entregado,60000,whatsapp,Decorar la caja,11,Nov,4,45,45,0,4,0,0,1,11,60000.0,1,transferencia,confirmado,0.0,1.0,2,2,60000,whatsapp,individual,338,0.0,30000.0,0.370492,0.384615,0.0,0.546392,0.1,0.333333,1.0,0.071429,0.370492,2,2,4,0,1,2
724,1,270,PED-20241107-724,2025-11-07,08:30:00,entregado,28000,whatsapp,Con tarjeta feliz cumpleaños,11,Nov,4,45,45,0,4,0,0,1,8,28000.0,1,nequi,confirmado,0.0,1.0,1,1,28000,whatsapp,individual,360,0.0,28000.0,0.160656,0.179487,0.0,0.505155,0.0,0.0,0.25,0.857143,0.160656,2,2,3,0,1,2
725,24,271,PED-20241108-725,2025-11-08,09:00:00,cancelado,26000,whatsapp,Decorar la caja,11,Nov,5,45,45,1,4,0,1,0,9,0.0,0,desconocido,sin_pago,0.0,0.0,1,1,26000,whatsapp,empresa,364,26000.0,26000.0,0.147541,0.0,0.216667,0.463918,0.0,0.0,0.5,1.0,0.147541,0,2,1,3,0,2
726,1,271,PED-20241108-726,2025-11-08,08:30:00,entregado,56000,whatsapp,Llamar antes,11,Nov,5,45,45,1,4,0,0,1,8,56000.0,1,nequi,confirmado,0.0,1.0,2,1,56000,whatsapp,individual,360,0.0,28000.0,0.344262,0.358974,0.0,0.505155,0.1,0.0,0.25,0.857143,0.344262,2,2,3,0,1,2
727,25,271,PED-20241108-727,2025-11-08,07:00:00,entregado,84000,whatsapp,Pago contra entrega,11,Nov,5,45,45,1,4,0,0,1,7,84000.0,1,daviplata,confirmado,0.0,1.0,3,1,84000,whatsapp,empresa,343,0.0,28000.0,0.527869,0.538462,0.0,0.505155,0.2,0.0,0.0,0.25,0.527869,2,2,0,0,0,2
728,13,272,PED-20241109-728,2025-11-09,08:00:00,entregado,37000,whatsapp,,11,Nov,6,45,45,1,4,0,0,1,8,37000.0,1,transferencia,confirmado,0.0,1.0,2,2,37000,whatsapp,individual,345,0.0,18500.0,0.219672,0.237179,0.0,0.309278,0.1,0.333333,0.25,0.321429,0.219672,2,2,4,0,1,2
729,4,272,PED-20241109-729,2025-11-09,10:00:00,entregado,44000,whatsapp,Decorar la caja,11,Nov,6,45,45,1,4,0,0,1,10,44000.0,1,transferencia,confirmado,0.0,1.0,2,2,44000,whatsapp,individual,337,0.0,22000.0,0.265574,0.282051,0.0,0.381443,0.1,0.333333,0.75,0.035714,0.265574,2,2,4,0,1,2
730,19,272,PED-20241109-730,2025-11-09,11:30:00,entregado,80000,whatsapp,Llamar antes,11,Nov,6,45,45,1,4,0,0,1,11,80000.0,1,efectivo,confirmado,0.0,0.0,2,1,80000,whatsapp,individual,337,0.0,40000.0,0.501639,0.512821,0.0,0.752577,0.1,0.0,1.0,0.035714,0.501639,2,2,2,0,1,2
731,18,272,PED-20241109-731,2025-11-09,07:00:00,entregado,39000,whatsapp,,11,Nov,6,45,45,1,4,0,0,1,7,39000.0,1,nequi,confirmado,0.0,1.0,3,2,39000,whatsapp,individual,336,0.0,13000.0,0.232787,0.25,0.0,0.195876,0.2,0.333333,0.0,0.0,0.232787,2,2,3,0,1,2
732,4,273,PED-20241111-732,2025-11-11,11:00:00,cancelado,84000,manual,Llamar antes,11,Nov,1,46,46,0,4,0,1,0,11,0.0,0,desconocido,sin_pago,0.0,0.0,3,1,84000,whatsapp,individual,337,84000.0,28000.0,0.527869,0.0,0.7,0.505155,0.2,0.0,1.0,0.035714,0.527869,0,0,1,3,1,2
733,5,274,PED-20241112-733,2025-11-12,10:00:00,entregado,52000,whatsapp,Llamar antes,11,Nov,2,46,46,0,4,0,0,1,10,52000.0,1,efectivo,confirmado,0.0,0.0,1,1,52000,whatsapp,individual,349,0.0,52000.0,0.318033,0.333333,0.0,1.0,0.0,0.0,0.75,0.464286,0.318033,2,2,2,0,1,2
734,21,274,PED-20241112-734,2025-11-12,09:30:00,entregado,3500,whatsapp,Con tarjeta feliz cumpleaños,11,Nov,2,46,46,0,4,0,0,1,9,3500.0,1,nequi,confirmado,0.0,1.0,1,1,3500,presencial,empresa,351,0.0,3500.0,0.0,0.022436,0.0,0.0,0.0,0.0,0.5,0.535714,0.0,2,2,3,0,0,1
735,18,275,PED-20241113-735,2025-11-13,11:00:00,entregado,66000,whatsapp,,11,Nov,3,46,46,0,4,0,0,1,11,66000.0,1,efectivo,confirmado,0.0,0.0,2,1,66000,whatsapp,individual,336,0.0,33000.0,0.409836,0.423077,0.0,0.608247,0.1,0.0,1.0,0.0,0.409836,2,2,2,0,1,2
736,23,275,PED-20241113-736,2025-11-13,07:00:00,entregado,52000,whatsapp,Llamar antes,11,Nov,3,46,46,0,4,0,0,1,7,52000.0,1,nequi,confirmado,0.0,1.0,1,1,52000,whatsapp,empresa,355,0.0,52000.0,0.318033,0.333333,0.0,1.0,0.0,0.0,0.0,0.678571,0.318033,2,2,3,0,0,2
737,3,276,PED-20241114-737,2025-11-14,08:00:00,entregado,43500,whatsapp,,11,Nov,4,46,46,0,4,0,0,1,8,43500.0,1,nequi,confirmado,0.0,1.0,6,3,43500,otro,individual,358,0.0,7250.0,0.262295,0.278846,0.0,0.07732,0.5,0.666667,0.25,0.785714,0.262295,2,2,3,0,1,0
738,12,276,PED-20241114-738,2025-11-14,09:00:00,entregado,41500,whatsapp,Llamar antes,11,Nov,4,46,46,0,4,0,0,1,9,41500.0,1,nequi,pendiente,1.0,1.0,5,3,41500,whatsapp,individual,353,0.0,8300.0,0.24918,0.266026,0.0,0.098969,0.4,0.666667,0.5,0.607143,0.24918,2,2,3,1,1,2
739,1,276,PED-20241114-739,2025-11-14,08:00:00,entregado,99000,whatsapp,Decorar la caja,11,Nov,4,46,46,0,4,0,0,1,8,99000.0,1,transferencia,confirmado,0.0,1.0,3,1,99000,whatsapp,individual,360,0.0,33000.0,0.62623,0.634615,0.0,0.608247,0.2,0.0,0.25,0.857143,0.62623,2,2,4,0,1,2
740,2,277,PED-20241115-740,2025-11-15,09:30:00,entregado,105000,whatsapp,Para regalo,11,Nov,5,46,46,1,4,0,0,1,9,105000.0,1,efectivo,confirmado,0.0,0.0,3,1,105000,otro,individual,362,0.0,35000.0,0.665574,0.673077,0.0,0.649485,0.2,0.0,0.5,0.928571,0.665574,2,2,2,0,1,0
741,22,277,PED-20241115-741,2025-11-15,07:30:00,cancelado,66000,whatsapp,Decorar la caja,11,Nov,5,46,46,1,4,0,1,0,7,0.0,0,desconocido,sin_pago,0.0,0.0,2,1,66000,otro,empresa,360,66000.0,33000.0,0.409836,0.0,0.55,0.608247,0.1,0.0,0.0,0.857143,0.409836,0,2,1,3,0,0
742,1,277,PED-20241115-742,2025-11-15,10:00:00,pendiente,39000,whatsapp,Entregar en portería,11,Nov,5,46,46,1,4,0,0,0,10,0.0,0,desconocido,sin_pago,0.0,0.0,6,2,39000,whatsapp,individual,360,39000.0,6500.0,0.232787,0.0,0.325,0.061856,0.5,0.333333,0.75,0.857143,0.232787,3,2,1,3,1,2
743,4,278,PED-20241116-743,2025-11-16,09:00:00,entregado,105000,whatsapp,Con tarjeta feliz cumpleaños,11,Nov,6,46,46,1,4,0,0,1,9,105000.0,1,transferencia,confirmado,0.0,1.0,3,1,105000,whatsapp,individual,337,0.0,35000.0,0.665574,0.673077,0.0,0.649485,0.2,0.0,0.5,0.035714,0.665574,2,2,4,0,1,2
744,25,278,PED-20241116-744,2025-11-16,09:30:00,entregado,16500,whatsapp,,11,Nov,6,46,46,1,4,0,0,1,9,16500.0,1,nequi,confirmado,0.0,1.0,2,2,16500,whatsapp,empresa,343,0.0,8250.0,0.085246,0.105769,0.0,0.097938,0.1,0.333333,0.5,0.25,0.085246,2,2,3,0,0,2
745,21,279,PED-20241118-745,2025-11-18,09:30:00,entregado,70000,whatsapp,Llamar antes,11,Nov,1,47,47,0,4,0,0,1,9,70000.0,1,efectivo,confirmado,0.0,0.0,2,1,70000,presencial,empresa,351,0.0,35000.0,0.436066,0.448718,0.0,0.649485,0.1,0.0,0.5,0.535714,0.436066,2,2,2,0,0,1
746,13,279,PED-20241118-746,2025-11-18,08:30:00,entregado,56000,whatsapp,,11,Nov,1,47,47,0,4,0,0,1,8,56000.0,1,daviplata,confirmado,0.0,1.0,2,1,56000,whatsapp,individual,345,0.0,28000.0,0.344262,0.358974,0.0,0.505155,0.1,0.0,0.25,0.321429,0.344262,2,2,0,0,1,2
747,5,280,PED-20241119-747,2025-11-19,10:30:00,entregado,104000,whatsapp,Decorar la caja,11,Nov,2,47,47,0,4,0,0,1,10,104000.0,1,nequi,confirmado,0.0,1.0,2,1,104000,whatsapp,individual,349,0.0,52000.0,0.659016,0.666667,0.0,1.0,0.1,0.0,0.75,0.464286,0.659016,2,2,3,0,1,2
748,17,280,PED-20241119-748,2025-11-19,11:30:00,entregado,28000,whatsapp,,11,Nov,2,47,47,0,4,0,0,1,11,28000.0,1,efectivo,rechazado,1.0,0.0,1,1,28000,whatsapp,individual,338,0.0,28000.0,0.160656,0.179487,0.0,0.505155,0.0,0.0,1.0,0.071429,0.160656,2,2,2,2,1,2
749,17,281,PED-20241120-749,2025-11-20,08:00:00,entregado,28000,whatsapp,Llamar antes,11,Nov,3,47,47,0,4,0,0,1,8,28000.0,1,nequi,pendiente,1.0,1.0,1,1,28000,whatsapp,individual,338,0.0,28000.0,0.160656,0.179487,0.0,0.505155,0.0,0.0,0.25,0.071429,0.160656,2,2,3,1,1,2
750,12,282,PED-20241121-750,2025-11-21,09:00:00,cancelado,28000,whatsapp,Pago contra entrega,11,Nov,4,47,47,0,4,0,1,0,9,0.0,0,desconocido,sin_pago,0.0,0.0,1,1,28000,whatsapp,individual,353,28000.0,28000.0,0.160656,0.0,0.233333,0.505155,0.0,0.0,0.5,0.607143,0.160656,0,2,1,3,1,2
751,24,282,PED-20241121-751,2025-11-21,09:30:00,entregado,84000,whatsapp,Pago contra entrega,11,Nov,4,47,47,0,4,0,0,1,9,84000.0,1,nequi,confirmado,0.0,1.0,3,1,84000,whatsapp,empresa,364,0.0,28000.0,0.527869,0.538462,0.0,0.505155,0.2,0.0,0.5,1.0,0.527869,2,2,3,0,0,2
752,9,283,PED-20241122-752,2025-11-22,11:00:00,entregado,38500,whatsapp,Entregar en portería,11,Nov,5,47,47,1,4,0,0,1,11,38500.0,1,nequi,confirmado,0.0,1.0,2,2,38500,whatsapp,individual,349,0.0,19250.0,0.229508,0.246795,0.0,0.324742,0.1,0.333333,1.0,0.464286,0.229508,2,2,3,0,1,2
753,6,284,PED-20241123-753,2025-11-23,10:30:00,entregado,35000,whatsapp,Con tarjeta feliz cumpleaños,11,Nov,6,47,47,1,4,0,0,1,10,35000.0,1,transferencia,confirmado,0.0,1.0,1,1,35000,presencial,individual,358,0.0,35000.0,0.206557,0.224359,0.0,0.649485,0.0,0.0,0.75,0.785714,0.206557,2,2,4,0,1,1
754,21,284,PED-20241123-754,2025-11-23,08:00:00,entregado,52000,whatsapp,Para regalo,11,Nov,6,47,47,1,4,0,0,1,8,52000.0,1,transferencia,pendiente,1.0,1.0,1,1,52000,presencial,empresa,351,0.0,52000.0,0.318033,0.333333,0.0,1.0,0.0,0.0,0.25,0.535714,0.318033,2,2,4,1,0,1
755,9,285,PED-20241125-755,2025-11-25,08:30:00,entregado,28000,whatsapp,Decorar la caja,11,Nov,1,48,48,0,4,0,0,1,8,28000.0,1,nequi,pendiente,1.0,1.0,1,1,28000,whatsapp,individual,349,0.0,28000.0,0.160656,0.179487,0.0,0.505155,0.0,0.0,0.25,0.464286,0.160656,2,2,3,1,1,2
756,5,285,PED-20241125-756,2025-11-25,10:00:00,entregado,80000,whatsapp,,11,Nov,1,48,48,0,4,0,0,1,10,80000.0,1,daviplata,confirmado,0.0,1.0,2,1,80000,whatsapp,individual,349,0.0,40000.0,0.501639,0.512821,0.0,0.752577,0.1,0.0,0.75,0.464286,0.501639,2,2,0,0,1,2
757,23,286,PED-20241126-757,2025-11-26,07:00:00,entregado,37000,whatsapp,Pago contra entrega,11,Nov,2,48,48,0,4,0,0,1,7,37000.0,1,nequi,confirmado,0.0,1.0,2,2,37000,whatsapp,empresa,355,0.0,18500.0,0.219672,0.237179,0.0,0.309278,0.1,0.333333,0.0,0.678571,0.219672,2,2,3,0,0,2
758,6,287,PED-20241127-758,2025-11-27,10:00:00,entregado,28000,whatsapp,,11,Nov,3,48,48,0,4,0,0,1,10,28000.0,1,transferencia,confirmado,0.0,1.0,1,1,28000,presencial,individual,358,0.0,28000.0,0.160656,0.179487,0.0,0.505155,0.0,0.0,0.75,0.785714,0.160656,2,2,4,0,1,1
759,19,287,PED-20241127-759,2025-11-27,08:30:00,entregado,44000,whatsapp,Pago contra entrega,11,Nov,3,48,48,0,4,0,0,1,8,44000.0,1,transferencia,confirmado,0.0,1.0,3,2,44000,whatsapp,individual,337,0.0,14666.67,0.265574,0.282051,0.0,0.230241,0.2,0.333333,0.25,0.035714,0.265574,2,2,4,0,1,2
760,3,287,PED-20241127-760,2025-11-27,11:00:00,desconocido,52000,whatsapp,Llamar antes,11,Nov,3,48,48,0,4,0,0,0,11,52000.0,1,nequi,confirmado,0.0,1.0,1,1,52000,otro,individual,358,0.0,52000.0,0.318033,0.333333,0.0,1.0,0.0,0.0,1.0,0.785714,0.318033,1,2,3,0,1,0
761,12,288,PED-20241128-761,2025-11-28,11:30:00,entregado,40000,whatsapp,Llamar antes,11,Nov,4,48,48,0,4,0,0,1,11,40000.0,1,daviplata,confirmado,0.0,1.0,1,1,40000,whatsapp,individual,353,0.0,40000.0,0.239344,0.25641,0.0,0.752577,0.0,0.0,1.0,0.607143,0.239344,2,2,0,0,1,2
762,13,289,PED-20241129-762,2025-11-29,10:30:00,entregado,40000,whatsapp,Decorar la caja,11,Nov,5,48,48,1,4,0,0,1,10,40000.0,1,transferencia,confirmado,0.0,1.0,1,1,40000,whatsapp,individual,345,0.0,40000.0,0.239344,0.25641,0.0,0.752577,0.0,0.0,0.75,0.321429,0.239344,2,2,4,0,1,2
763,23,289,PED-20241129-763,2025-11-29,11:30:00,entregado,26000,whatsapp,Para regalo,11,Nov,5,48,48,1,4,0,0,1,11,26000.0,1,daviplata,confirmado,0.0,1.0,1,1,26000,whatsapp,empresa,355,0.0,26000.0,0.147541,0.166667,0.0,0.463918,0.0,0.0,1.0,0.678571,0.147541,2,2,0,0,0,2
764,15,289,PED-20241129-764,2025-11-29,11:30:00,entregado,37000,whatsapp,Para regalo,11,Nov,5,48,48,1,4,0,0,1,11,37000.0,1,transferencia,confirmado,0.0,1.0,2,2,37000,whatsapp,individual,337,0.0,18500.0,0.219672,0.237179,0.0,0.309278,0.1,0.333333,1.0,0.035714,0.219672,2,2,4,0,1,2
765,11,290,PED-20241130-765,2025-11-30,11:00:00,entregado,57500,whatsapp,Decorar la caja,11,Nov,6,48,48,1,4,0,0,1,11,57500.0,1,nequi,confirmado,0.0,1.0,8,4,57500,whatsapp,individual,336,0.0,7187.5,0.354098,0.36859,0.0,0.076031,0.7,1.0,1.0,0.0,0.354098,2,2,3,0,1,2
766,13,290,PED-20241130-766,2025-11-30,09:00:00,entregado,33000,whatsapp,Decorar la caja,11,Nov,6,48,48,1,4,0,0,1,9,33000.0,1,nequi,confirmado,0.0,1.0,1,1,33000,whatsapp,individual,345,0.0,33000.0,0.193443,0.211538,0.0,0.608247,0.0,0.0,0.5,0.321429,0.193443,2,2,3,0,1,2
767,20,290,PED-20241130-767,2025-11-30,11:00:00,entregado,104000,whatsapp,,11,Nov,6,48,48,1,4,0,0,1,11,104000.0,1,transferencia,confirmado,0.0,1.0,2,1,104000,whatsapp,individual,340,0.0,52000.0,0.659016,0.666667,0.0,1.0,0.1,0.0,1.0,0.142857,0.659016,2,2,4,0,1,2
768,8,290,PED-20241130-768,2025-11-30,10:30:00,entregado,28000,whatsapp,,11,Nov,6,48,48,1,4,0,0,1,10,28000.0,1,nequi,confirmado,0.0,1.0,1,1,28000,presencial,individual,345,0.0,28000.0,0.160656,0.179487,0.0,0.505155,0.0,0.0,0.75,0.321429,0.160656,2,2,3,0,1,1
769,13,291,PED-20241202-769,2025-12-02,10:30:00,entregado,28000,manual,Decorar la caja,12,Dec,1,49,49,0,4,0,0,1,10,28000.0,1,nequi,pendiente,1.0,1.0,1,1,28000,whatsapp,individual,345,0.0,28000.0,0.160656,0.179487,0.0,0.505155,0.0,0.0,0.75,0.321429,0.160656,2,0,3,1,1,2
770,25,291,PED-20241202-770,2025-12-02,08:30:00,entregado,42000,whatsapp,Con tarjeta feliz cumpleaños,12,Dec,1,49,49,0,4,0,0,1,8,42000.0,1,transferencia,confirmado,0.0,1.0,3,2,42000,whatsapp,empresa,343,0.0,14000.0,0.252459,0.269231,0.0,0.216495,0.2,0.333333,0.25,0.25,0.252459,2,2,4,0,0,2
771,6,292,PED-20241203-771,2025-12-03,09:00:00,entregado,18000,otro,Entregar en portería,12,Dec,2,49,49,0,4,0,0,1,9,18000.0,1,nequi,confirmado,0.0,1.0,2,1,18000,presencial,individual,358,0.0,9000.0,0.095082,0.115385,0.0,0.113402,0.1,0.0,0.5,0.785714,0.095082,2,1,3,0,1,1
772,13,293,PED-20241204-772,2025-12-04,11:30:00,entregado,20500,whatsapp,Con tarjeta feliz cumpleaños,12,Dec,3,49,49,0,4,0,0,1,11,20500.0,1,nequi,confirmado,0.0,1.0,3,2,20500,whatsapp,individual,345,0.0,6833.33,0.111475,0.13141,0.0,0.068728,0.2,0.333333,1.0,0.321429,0.111475,2,2,3,0,1,2
773,23,293,PED-20241204-773,2025-12-04,07:00:00,entregado,18000,whatsapp,Para regalo,12,Dec,3,49,49,0,4,0,0,1,7,18000.0,1,transferencia,confirmado,0.0,1.0,2,1,18000,whatsapp,empresa,355,0.0,9000.0,0.095082,0.115385,0.0,0.113402,0.1,0.0,0.0,0.678571,0.095082,2,2,4,0,0,2
774,18,294,PED-20241205-774,2025-12-05,09:30:00,entregado,105000,whatsapp,Para regalo,12,Dec,4,49,49,0,4,0,0,1,9,105000.0,1,transferencia,confirmado,0.0,1.0,3,1,105000,whatsapp,individual,336,0.0,35000.0,0.665574,0.673077,0.0,0.649485,0.2,0.0,0.5,0.0,0.665574,2,2,4,0,1,2
775,10,294,PED-20241205-775,2025-12-05,07:00:00,entregado,99000,whatsapp,Con tarjeta feliz cumpleaños,12,Dec,4,49,49,0,4,0,0,1,7,99000.0,1,transferencia,confirmado,0.0,1.0,3,1,99000,whatsapp,individual,345,0.0,33000.0,0.62623,0.634615,0.0,0.608247,0.2,0.0,0.0,0.321429,0.62623,2,2,4,0,1,2
776,24,295,PED-20241206-776,2025-12-06,11:30:00,entregado,36500,whatsapp,Llamar antes,12,Dec,5,49,49,1,4,0,0,1,11,36500.0,1,nequi,confirmado,0.0,1.0,2,2,36500,whatsapp,empresa,364,0.0,18250.0,0.216393,0.233974,0.0,0.304124,0.1,0.333333,1.0,1.0,0.216393,2,2,3,0,0,2
777,22,296,PED-20241207-777,2025-12-07,09:00:00,entregado,50000,otro,Llamar antes,12,Dec,6,49,49,1,4,0,0,1,9,50000.0,1,daviplata,pendiente,1.0,1.0,3,2,50000,otro,empresa,360,0.0,16666.67,0.304918,0.320513,0.0,0.271478,0.2,0.333333,0.5,0.857143,0.304918,2,1,0,1,0,0
778,20,296,PED-20241207-778,2025-12-07,07:30:00,entregado,56000,whatsapp,Entregar en portería,12,Dec,6,49,49,1,4,0,0,1,7,56000.0,1,daviplata,confirmado,0.0,1.0,2,1,56000,whatsapp,individual,340,0.0,28000.0,0.344262,0.358974,0.0,0.505155,0.1,0.0,0.0,0.142857,0.344262,2,2,0,0,1,2
779,5,296,PED-20241207-779,2025-12-07,11:00:00,entregado,40000,whatsapp,Entregar en portería,12,Dec,6,49,49,1,4,0,0,1,11,40000.0,1,nequi,confirmado,0.0,1.0,1,1,40000,whatsapp,individual,349,0.0,40000.0,0.239344,0.25641,0.0,0.752577,0.0,0.0,1.0,0.464286,0.239344,2,2,3,0,1,2
780,1,296,PED-20241207-780,2025-12-07,07:30:00,entregado,84000,whatsapp,Entregar en portería,12,Dec,6,49,49,1,4,0,0,1,7,84000.0,1,transferencia,pendiente,1.0,1.0,3,1,84000,whatsapp,individual,360,0.0,28000.0,0.527869,0.538462,0.0,0.505155,0.2,0.0,0.0,0.857143,0.527869,2,2,4,1,1,2
781,10,297,PED-20241209-781,2025-12-09,07:00:00,entregado,37000,whatsapp,Entregar en portería,12,Dec,1,50,50,0,4,0,0,1,7,37000.0,1,nequi,pendiente,1.0,1.0,3,2,37000,whatsapp,individual,345,0.0,12333.33,0.219672,0.237179,0.0,0.182131,0.2,0.333333,0.0,0.321429,0.219672,2,2,3,1,1,2
782,19,298,PED-20241210-782,2025-12-10,10:00:00,entregado,13500,whatsapp,Entregar en portería,12,Dec,2,50,50,0,4,0,0,1,10,13500.0,1,daviplata,pendiente,1.0,1.0,3,1,13500,whatsapp,individual,337,0.0,4500.0,0.065574,0.086538,0.0,0.020619,0.2,0.0,0.75,0.035714,0.065574,2,2,0,1,1,2
783,25,299,PED-20241211-783,2025-12-11,11:30:00,entregado,40000,manual,Entregar en portería,12,Dec,3,50,50,0,4,0,0,1,11,40000.0,1,transferencia,confirmado,0.0,1.0,1,1,40000,whatsapp,empresa,343,0.0,40000.0,0.239344,0.25641,0.0,0.752577,0.0,0.0,1.0,0.25,0.239344,2,0,4,0,0,2
784,19,300,PED-20241212-784,2025-12-12,09:00:00,entregado,37000,whatsapp,,12,Dec,4,50,50,0,4,0,0,1,9,37000.0,1,transferencia,confirmado,0.0,1.0,2,2,37000,whatsapp,individual,337,0.0,18500.0,0.219672,0.237179,0.0,0.309278,0.1,0.333333,0.5,0.035714,0.219672,2,2,4,0,1,2
785,4,300,PED-20241212-785,2025-12-12,07:30:00,entregado,39500,whatsapp,Decorar la caja,12,Dec,4,50,50,0,4,0,0,1,7,39500.0,1,transferencia,pendiente,1.0,1.0,2,2,39500,whatsapp,individual,337,0.0,19750.0,0.236066,0.253205,0.0,0.335052,0.1,0.333333,0.0,0.035714,0.236066,2,2,4,1,1,2
786,17,301,PED-20241213-786,2025-12-13,08:30:00,entregado,105000,whatsapp,Entregar en portería,12,Dec,5,50,50,1,4,0,0,1,8,105000.0,1,nequi,rechazado,1.0,1.0,3,1,105000,whatsapp,individual,338,0.0,35000.0,0.665574,0.673077,0.0,0.649485,0.2,0.0,0.25,0.071429,0.665574,2,2,3,2,1,2
787,22,302,PED-20241214-787,2025-12-14,07:30:00,desconocido,9000,whatsapp,Decorar la caja,12,Dec,6,50,50,1,4,0,0,0,7,9000.0,1,nequi,confirmado,0.0,1.0,1,1,9000,otro,empresa,360,0.0,9000.0,0.036066,0.057692,0.0,0.113402,0.0,0.0,0.0,0.857143,0.036066,1,2,3,0,0,0
788,14,302,PED-20241214-788,2025-12-14,09:30:00,entregado,56000,whatsapp,,12,Dec,6,50,50,1,4,0,0,1,9,56000.0,1,transferencia,confirmado,0.0,1.0,2,1,56000,whatsapp,individual,359,0.0,28000.0,0.344262,0.358974,0.0,0.505155,0.1,0.0,0.5,0.821429,0.344262,2,2,4,0,1,2
789,16,303,PED-20241216-789,2025-12-16,07:00:00,entregado,3500,whatsapp,,12,Dec,1,51,51,0,4,1,0,1,7,3500.0,1,transferencia,confirmado,0.0,1.0,1,1,3500,otro,individual,355,0.0,3500.0,0.0,0.022436,0.0,0.0,0.0,0.0,0.0,0.678571,0.0,2,2,4,0,1,0
790,7,303,PED-20241216-790,2025-12-16,07:30:00,entregado,35000,whatsapp,Decorar la caja,12,Dec,1,51,51,0,4,1,0,1,7,35000.0,1,nequi,confirmado,0.0,1.0,1,1,35000,otro,individual,350,0.0,35000.0,0.206557,0.224359,0.0,0.649485,0.0,0.0,0.0,0.5,0.206557,2,2,3,0,1,0
791,9,303,PED-20241216-791,2025-12-16,08:30:00,entregado,80000,whatsapp,Pago contra entrega,12,Dec,1,51,51,0,4,1,0,1,8,80000.0,1,nequi,confirmado,0.0,1.0,2,1,80000,whatsapp,individual,349,0.0,40000.0,0.501639,0.512821,0.0,0.752577,0.1,0.0,0.25,0.464286,0.501639,2,2,3,0,1,2
792,15,304,PED-20241217-792,2025-12-17,09:30:00,entregado,52000,manual,Llamar antes,12,Dec,2,51,51,0,4,1,0,1,9,52000.0,1,nequi,confirmado,0.0,1.0,2,1,52000,whatsapp,individual,337,0.0,26000.0,0.318033,0.333333,0.0,0.463918,0.1,0.0,0.5,0.035714,0.318033,2,0,3,0,1,2
793,13,305,PED-20241218-793,2025-12-18,08:30:00,entregado,56000,whatsapp,Decorar la caja,12,Dec,3,51,51,0,4,1,0,1,8,56000.0,1,nequi,confirmado,0.0,1.0,2,1,56000,whatsapp,individual,345,0.0,28000.0,0.344262,0.358974,0.0,0.505155,0.1,0.0,0.25,0.321429,0.344262,2,2,3,0,1,2
794,22,305,PED-20241218-794,2025-12-18,09:00:00,entregado,66000,whatsapp,Decorar la caja,12,Dec,3,51,51,0,4,1,0,1,9,66000.0,1,nequi,confirmado,0.0,1.0,2,1,66000,otro,empresa,360,0.0,33000.0,0.409836,0.423077,0.0,0.608247,0.1,0.0,0.5,0.857143,0.409836,2,2,3,0,0,0
795,13,306,PED-20241219-795,2025-12-19,09:30:00,entregado,52000,whatsapp,Llamar antes,12,Dec,4,51,51,0,4,1,0,1,9,52000.0,1,transferencia,confirmado,0.0,1.0,1,1,52000,whatsapp,individual,345,0.0,52000.0,0.318033,0.333333,0.0,1.0,0.0,0.0,0.5,0.321429,0.318033,2,2,4,0,1,2
796,12,307,PED-20241220-796,2025-12-20,07:30:00,entregado,10500,whatsapp,,12,Dec,5,51,51,1,4,1,0,1,7,10500.0,1,nequi,confirmado,0.0,1.0,3,1,10500,whatsapp,individual,353,0.0,3500.0,0.045902,0.067308,0.0,0.0,0.2,0.0,0.0,0.607143,0.045902,2,2,3,0,1,2
797,8,307,PED-20241220-797,2025-12-20,11:00:00,entregado,40000,whatsapp,Entregar en portería,12,Dec,5,51,51,1,4,1,0,1,11,40000.0,1,transferencia,confirmado,0.0,1.0,1,1,40000,presencial,individual,345,0.0,40000.0,0.239344,0.25641,0.0,0.752577,0.0,0.0,1.0,0.321429,0.239344,2,2,4,0,1,1
798,4,308,PED-20241221-798,2025-12-21,11:30:00,entregado,70000,whatsapp,Pago contra entrega,12,Dec,6,51,51,1,4,1,0,1,11,70000.0,1,efectivo,confirmado,0.0,0.0,2,1,70000,whatsapp,individual,337,0.0,35000.0,0.436066,0.448718,0.0,0.649485,0.1,0.0,1.0,0.035714,0.436066,2,2,2,0,1,2
799,4,308,PED-20241221-799,2025-12-21,09:00:00,entregado,84000,whatsapp,Para regalo,12,Dec,6,51,51,1,4,1,0,1,9,84000.0,1,transferencia,confirmado,0.0,1.0,3,1,84000,whatsapp,individual,337,0.0,28000.0,0.527869,0.538462,0.0,0.505155,0.2,0.0,0.5,0.035714,0.527869,2,2,4,0,1,2
800,25,308,PED-20241221-800,2025-12-21,10:00:00,entregado,105000,whatsapp,Con tarjeta feliz cumpleaños,12,Dec,6,51,51,1,4,1,0,1,10,105000.0,1,transferencia,confirmado,0.0,1.0,3,1,105000,whatsapp,empresa,343,0.0,35000.0,0.665574,0.673077,0.0,0.649485,0.2,0.0,0.75,0.25,0.665574,2,2,4,0,0,2
801,14,308,PED-20241221-801,2025-12-21,11:00:00,entregado,104000,manual,,12,Dec,6,51,51,1,4,1,0,1,11,104000.0,1,efectivo,confirmado,0.0,0.0,2,1,104000,whatsapp,individual,359,0.0,52000.0,0.659016,0.666667,0.0,1.0,0.1,0.0,1.0,0.821429,0.659016,2,0,2,0,1,2
802,11,309,PED-20241223-802,2025-12-23,08:00:00,entregado,26000,whatsapp,Decorar la caja,12,Dec,1,52,52,0,4,1,0,1,8,26000.0,1,efectivo,confirmado,0.0,0.0,1,1,26000,whatsapp,individual,336,0.0,26000.0,0.147541,0.166667,0.0,0.463918,0.0,0.0,0.25,0.0,0.147541,2,2,2,0,1,2
803,12,309,PED-20241223-803,2025-12-23,10:30:00,entregado,16000,whatsapp,,12,Dec,1,52,52,0,4,1,0,1,10,16000.0,1,transferencia,confirmado,0.0,1.0,2,1,16000,whatsapp,individual,353,0.0,8000.0,0.081967,0.102564,0.0,0.092784,0.1,0.0,0.75,0.607143,0.081967,2,2,4,0,1,2
804,15,309,PED-20241223-804,2025-12-23,09:00:00,desconocido,57000,whatsapp,,12,Dec,1,52,52,0,4,1,0,0,9,57000.0,1,transferencia,confirmado,0.0,1.0,8,4,57000,whatsapp,individual,337,0.0,7125.0,0.35082,0.365385,0.0,0.074742,0.7,1.0,0.5,0.035714,0.35082,1,2,4,0,1,2
805,13,310,PED-20241224-805,2025-12-24,09:30:00,entregado,16000,whatsapp,Llamar antes,12,Dec,2,52,52,0,4,1,0,1,9,16000.0,1,transferencia,pendiente,1.0,1.0,3,2,16000,whatsapp,individual,345,0.0,5333.33,0.081967,0.102564,0.0,0.037801,0.2,0.333333,0.5,0.321429,0.081967,2,2,4,1,1,2
806,24,310,PED-20241224-806,2025-12-24,08:00:00,cancelado,35000,whatsapp,Pago contra entrega,12,Dec,2,52,52,0,4,1,1,0,8,0.0,0,desconocido,sin_pago,0.0,0.0,3,2,35000,whatsapp,empresa,364,35000.0,11666.67,0.206557,0.0,0.291667,0.168385,0.2,0.333333,0.25,1.0,0.206557,0,2,1,3,0,2
807,16,310,PED-20241224-807,2025-12-24,09:30:00,entregado,34500,whatsapp,Pago contra entrega,12,Dec,2,52,52,0,4,1,0,1,9,34500.0,1,nequi,confirmado,0.0,1.0,4,2,34500,otro,individual,355,0.0,8625.0,0.203279,0.221154,0.0,0.10567,0.3,0.333333,0.5,0.678571,0.203279,2,2,3,0,1,0
808,21,310,PED-20241224-808,2025-12-24,07:00:00,entregado,43000,whatsapp,,12,Dec,2,52,52,0,4,1,0,1,7,43000.0,1,efectivo,confirmado,0.0,0.0,2,2,43000,presencial,empresa,351,0.0,21500.0,0.259016,0.275641,0.0,0.371134,0.1,0.333333,0.0,0.535714,0.259016,2,2,2,0,0,1
809,11,310,PED-20241224-809,2025-12-24,09:00:00,entregado,28000,whatsapp,,12,Dec,2,52,52,0,4,1,0,1,9,28000.0,1,daviplata,confirmado,0.0,1.0,1,1,28000,whatsapp,individual,336,0.0,28000.0,0.160656,0.179487,0.0,0.505155,0.0,0.0,0.5,0.0,0.160656,2,2,0,0,1,2
810,20,310,PED-20241224-810,2025-12-24,08:00:00,entregado,84000,whatsapp,Con tarjeta feliz cumpleaños,12,Dec,2,52,52,0,4,1,0,1,8,84000.0,1,efectivo,confirmado,0.0,0.0,3,1,84000,whatsapp,individual,340,0.0,28000.0,0.527869,0.538462,0.0,0.505155,0.2,0.0,0.25,0.142857,0.527869,2,2,2,0,1,2
811,17,311,PED-20241225-811,2025-12-25,08:30:00,entregado,39000,otro,,12,Dec,3,52,52,0,4,1,0,1,8,39000.0,1,daviplata,confirmado,0.0,1.0,8,3,39000,whatsapp,individual,338,0.0,4875.0,0.232787,0.25,0.0,0.028351,0.7,0.666667,0.25,0.071429,0.232787,2,1,0,0,1,2
812,1,311,PED-20241225-812,2025-12-25,07:00:00,entregado,44500,whatsapp,Para regalo,12,Dec,3,52,52,0,4,1,0,1,7,44500.0,1,transferencia,confirmado,0.0,1.0,2,2,44500,whatsapp,individual,360,0.0,22250.0,0.268852,0.285256,0.0,0.386598,0.1,0.333333,0.0,0.857143,0.268852,2,2,4,0,1,2
813,2,311,PED-20241225-813,2025-12-25,11:00:00,entregado,41000,whatsapp,Decorar la caja,12,Dec,3,52,52,0,4,1,0,1,11,41000.0,1,efectivo,confirmado,0.0,0.0,2,2,41000,otro,individual,362,0.0,20500.0,0.245902,0.262821,0.0,0.350515,0.1,0.333333,1.0,0.928571,0.245902,2,2,2,0,1,0
814,10,311,PED-20241225-814,2025-12-25,10:00:00,entregado,33000,whatsapp,,12,Dec,3,52,52,0,4,1,0,1,10,33000.0,1,efectivo,confirmado,0.0,0.0,1,1,33000,whatsapp,individual,345,0.0,33000.0,0.193443,0.211538,0.0,0.608247,0.0,0.0,0.75,0.321429,0.193443,2,2,2,0,1,2
815,16,311,PED-20241225-815,2025-12-25,08:00:00,desconocido,120000,whatsapp,Llamar antes,12,Dec,3,52,52,0,4,1,0,0,8,120000.0,1,transferencia,confirmado,0.0,1.0,3,1,120000,otro,individual,355,0.0,40000.0,0.763934,0.769231,0.0,0.752577,0.2,0.0,0.25,0.678571,0.763934,1,2,4,0,1,0
816,24,311,PED-20241225-816,2025-12-25,08:00:00,entregado,40000,whatsapp,Pago contra entrega,12,Dec,3,52,52,0,4,1,0,1,8,40000.0,1,nequi,confirmado,0.0,1.0,3,2,40000,whatsapp,empresa,364,0.0,13333.33,0.239344,0.25641,0.0,0.202749,0.2,0.333333,0.25,1.0,0.239344,2,2,3,0,0,2
817,10,312,PED-20241226-817,2025-12-26,11:30:00,entregado,40500,whatsapp,Entregar en portería,12,Dec,4,52,52,0,4,0,0,1,11,40500.0,1,transferencia,pendiente,1.0,1.0,6,3,40500,whatsapp,individual,345,0.0,6750.0,0.242623,0.259615,0.0,0.06701,0.5,0.666667,1.0,0.321429,0.242623,2,2,4,1,1,2
818,6,312,PED-20241226-818,2025-12-26,10:00:00,entregado,40000,whatsapp,Para regalo,12,Dec,4,52,52,0,4,0,0,1,10,40000.0,1,daviplata,confirmado,0.0,1.0,1,1,40000,presencial,individual,358,0.0,40000.0,0.239344,0.25641,0.0,0.752577,0.0,0.0,0.75,0.785714,0.239344,2,2,0,0,1,1
819,12,313,PED-20241227-819,2025-12-27,07:00:00,entregado,25000,otro,Llamar antes,12,Dec,5,52,52,1,4,0,0,1,7,25000.0,1,efectivo,confirmado,0.0,0.0,3,2,25000,whatsapp,individual,353,0.0,8333.33,0.140984,0.160256,0.0,0.099656,0.2,0.333333,0.0,0.607143,0.140984,2,1,2,0,1,2
820,6,314,PED-20241228-820,2025-12-28,07:30:00,entregado,13000,whatsapp,Decorar la caja,12,Dec,6,52,52,1,4,0,0,1,7,13000.0,1,efectivo,confirmado,0.0,0.0,2,2,13000,presencial,individual,358,0.0,6500.0,0.062295,0.083333,0.0,0.061856,0.1,0.333333,0.0,0.785714,0.062295,2,2,2,0,1,1
821,15,314,PED-20241228-821,2025-12-28,09:30:00,entregado,84000,whatsapp,,12,Dec,6,52,52,1,4,0,0,1,9,84000.0,1,nequi,confirmado,0.0,1.0,3,1,84000,whatsapp,individual,337,0.0,28000.0,0.527869,0.538462,0.0,0.505155,0.2,0.0,0.5,0.035714,0.527869,2,2,3,0,1,2
822,24,315,PED-20241230-822,2025-12-30,10:00:00,entregado,120000,whatsapp,Entregar en portería,12,Dec,1,1,1,0,4,0,0,1,10,120000.0,1,nequi,confirmado,0.0,1.0,3,1,120000,whatsapp,empresa,364,0.0,40000.0,0.763934,0.769231,0.0,0.752577,0.2,0.0,0.75,1.0,0.763934,2,2,3,0,0,2
823,5,316,PED-20241231-823,2025-12-31,10:30:00,entregado,8000,whatsapp,Para regalo,12,Dec,2,1,1,0,4,0,0,1,10,8000.0,1,transferencia,confirmado,0.0,1.0,1,1,8000,whatsapp,individual,349,0.0,8000.0,0.029508,0.051282,0.0,0.092784,0.0,0.0,0.75,0.464286,0.029508,2,2,4,0,1,2
824,7,316,PED-20241231-824,2025-12-31,07:30:00,entregado,34500,whatsapp,Llamar antes,12,Dec,2,1,1,0,4,0,0,1,7,34500.0,1,nequi,confirmado,0.0,1.0,2,2,34500,otro,individual,350,0.0,17250.0,0.203279,0.221154,0.0,0.283505,0.1,0.333333,0.0,0.5,0.203279,2,2,3,0,1,0
